,name,sport,training_effect,anaerobic_training_effect,start_time,stop_time,elapsed_time,distance,avg_hr,max_hr,calories,avg_cadence,max_cadence,avg_speed,max_speed,ascent,descent,start_lat,start_long,stop_lat,stop_long,start_date,hour,month,week,day_name,day_date,start_minute,start_second,start_microsecond,calpermin,total_time,work_day
0,Indoor Cycling,cycling,0.2,0.0,2023-01-09 11:14:38,2023-01-09 11:18:50.000000,2023-05-24 00:04:01.260,0.0,107.0,121.0,38,,,0.0,,,,,,,,2023-01-09,11,1,2,Monday,9,4,1,260000,4.550898203592815,4.016666666666667,Work Day
1,Indoor Cycling,cycling,0.4,0.0,2023-01-09 11:19:07,2023-01-09 11:24:07.000000,2023-05-24 00:04:46.379,0.0,121.0,127.0,60,,,0.0,,,,,,,,2023-01-09,11,1,2,Monday,9,4,46,379000,5.413533834586467,4.766666666666667,Work Day
2,Treadmill Running,running,2.6,0.0,2023-01-09 11:27:01,2023-01-09 11:39:21.000000,2023-05-24 00:11:54.340,0.999997527008,154.0,166.0,218,73.0,76.0,5.03981685493279,6.53409006453323,,,,,,,2023-01-09,11,1,2,Monday,9,11,54,340000,12.409867172675522,11.9,Work Day
3,Treadmill Running,running,2.8,0.0,2023-01-09 11:39:38,2023-01-09 11:52:27.000000,2023-05-24 00:12:42.370,1.08143443648,164.0,173.0,249,72.0,78.0,5.10692487093353,6.13591551626587,,,,,,,2023-01-09,11,1,2,Monday,9,12,42,370000,13.197879858657243,12.7,Work Day
4,Indoor Cycling,cycling,0.8,0.0,2023-01-09 20:59:26,2023-01-09 21:15:27.000000,2023-05-24 00:14:17.384,0.0,115.0,137.0,152,,,0.0,,,,,,,,2023-01-09,20,1,2,Monday,9,14,17,384000,7.348912167606769,14.283333333333333,Work Day
5,Elliptical,elliptical,0.4,0.0,2023-01-09 21:16:01,2023-01-09 21:21:32.000000,2023-05-24 00:04:26.671,0.0,117.0,130.0,52,38.0,56.0,0.0,,,,,,,,2023-01-09,21,1,2,Monday,9,4,26,671000,3.3297758804695836,4.433333333333334,Work Day
6,Benchmark Run,running,2.1,0.0,2023-01-10 11:40:58,2023-01-10 11:50:41.000000,2023-05-24 00:09:00.000,0.7162856508,138.0,170.0,137,70.0,101.0,4.77585833866692,7.61900378986931,,,,,,,2023-01-10,11,1,2,Tuesday,10,9,0,0,15.222222222222221,9.0,Work Day
7,Treadmill Running,running,2.3,0.0,2023-01-10 11:52:29,2023-01-10 12:02:16.000000,2023-05-24 00:08:45.707,0.659218919792,158.0,164.0,168,70.0,105.0,4.5320323871994,5.42680700053024,,,,,,,2023-01-10,11,1,2,Tuesday,10,8,45,707000,8.181818181818183,8.75,Work Day
8,Indoor Cycling,cycling,0.2,0.0,2023-01-11 11:41:59,2023-01-11 11:52:04.000000,2023-05-24 00:09:55.487,0.0,104.0,110.0,82,,,0.0,,,,,,,,2023-01-11,11,1,2,Wednesday,11,9,55,487000,4.5471349353049915,9.916666666666666,Off Day
9,Walk/Run Repeats,running,3.1,0.1,2023-01-11 11:56:47,2023-01-11 12:30:00.000000,2023-05-24 00:32:41.048,2.39361506808,140.0,176.0,474,66.0,80.0,4.48729370986557,7.07542880693054,,,,,,,2023-01-11,11,1,2,Wednesday,11,32,41,48000,14.156296665007469,32.68333333333333,Off Day
10,Indoor Cycling,cycling,2.2,0.0,2023-01-11 12:33:14,2023-01-11 12:53:35.000000,2023-05-24 00:20:01.232,0.0,135.0,160.0,298,,,0.0,,,,,,,,2023-01-11,12,1,2,Wednesday,11,20,1,232000,12.477320307048151,20.016666666666666,Off Day
13,Delhi Running,running,2.6,0.0,2023-01-12 18:29:51,2023-01-12 18:44:18.000000,2023-05-24 00:14:12.296,0.999171103312,149.0,178.0,240,62.0,79.0,4.22109815306759,5.90774804853249,124.6719162,91.8635172,39.1084031760693,-84.6428671851754,39.1082980670035,-84.643021998927,2023-01-12,18,1,2,Thursday,12,14,12,296000,12.543554006968641,14.2,Off Day
12,Strength,strength_training,0.1,0.0,2023-01-12 13:18:17,2023-01-12 13:28:58.000000,2023-05-24 00:10:34.706,0.0,90.0,109.0,62,,,0.0,,,,,,,,2023-01-12,13,1,2,Thursday,12,10,34,706000,2.776119402985074,10.566666666666666,Off Day
11,Indoor Cycling,cycling,2.4,0.1,2023-01-12 11:43:41,2023-01-12 12:14:13.000000,2023-05-24 00:30:12.482,0.0,131.0,168.0,397,,,0.0,,,,,,,,2023-01-12,11,1,2,Thursday,12,30,12,482000,10.38360941586748,30.2,Off Day
14,Indoor Cycling,cycling,0.3,0.0,2023-01-13 11:23:01,2023-01-13 11:30:02.000000,2023-05-24 00:05:07.286,0.0,105.0,118.0,39,,,0.0,,,,,,,,2023-01-13,11,1,2,Friday,13,5,7,286000,3.946037099494098,5.116666666666666,Work Day
15,Walk/Run Repeats,running,4.0,0.0,2023-01-13 11:31:33,2023-01-13 12:02:42.000000,2023-05-24 00:30:48.388,1.818436603088,151.0,175.0,385,72.0,79.0,4.19649204053211,4.96823475786781,,,,,,,2023-01-13,11,1,2,Friday,13,30,48,388000,10.330948121645797,30.8,Work Day
16,Indoor Cycling,cycling,0.5,0.0,2023-01-15 16:43:32,2023-01-15 16:52:01.000000,2023-05-24 00:08:23.173,0.0,103.0,121.0,62,,,0.0,,,,,,,,2023-01-15,16,1,2,Sunday,15,8,23,173000,5.502958579881657,8.383333333333333,Work Day
17,Walk/Run Repeats,running,3.1,0.3,2023-01-15 16:53:31,2023-01-15 17:16:48.000000,2023-05-24 00:23:00.000,1.606250765712,155.0,176.0,359,71.0,80.0,4.18978118559933,5.00849988746452,,,,,,,2023-01-15,16,1,2,Sunday,15,23,0,0,15.608695652173912,23.0,Work Day
18,Stair Stepper,stair_climbing,2.4,0.0,2023-01-16 11:38:21,2023-01-16 12:02:05.000000,2023-05-24 00:22:09.816,0.0,137.0,158.0,295,40.0,106.0,0.0,,,,,,,,2023-01-16,11,1,3,Monday,16,22,9,816000,8.251748251748252,22.15,Work Day
19,Indoor Cycling,cycling,1.6,0.0,2023-01-16 12:06:42,2023-01-16 12:37:02.000000,2023-05-24 00:30:07.605,0.0,126.0,149.0,316,,,0.0,,,,,,,,2023-01-16,12,1,3,Monday,16,30,7,605000,7.860696517412935,30.116666666666667,Work Day
20,Indoor Cycling,cycling,0.2,0.0,2023-01-17 11:05:34,2023-01-17 11:12:55.000000,2023-05-24 00:07:16.715,0.0,107.0,122.0,58,,,0.0,,,,,,,,2023-01-17,11,1,3,Tuesday,17,7,16,715000,3.0234578627280624,7.266666666666667,Work Day
21,Walk/Run Repeats,running,3.1,0.1,2023-01-17 11:13:35,2023-01-17 11:33:51.000000,2023-05-24 00:20:00.000,1.362598690768,161.0,176.0,325,72.0,78.0,4.08688212106609,4.78033241973114,,,,,,,2023-01-17,11,1,3,Tuesday,17,20,0,0,16.25,20.0,Work Day
22,Indoor Cycling,cycling,0.9,0.0,2023-01-17 11:40:14,2023-01-17 11:53:13.000000,2023-05-24 00:05:10.227,0.0,137.0,146.0,70,,,0.0,,,,,,,,2023-01-17,11,1,3,Tuesday,17,5,10,227000,7.82122905027933,5.166666666666667,Work Day
23,Indoor Cycling,cycling,0.4,0.0,2023-01-18 11:49:12,2023-01-18 12:01:26.000000,2023-05-24 00:08:38.980,0.0,113.0,127.0,78,,,0.0,,,,,,,,2023-01-18,11,1,3,Wednesday,18,8,38,980000,3.1241655540720963,8.633333333333333,Off Day
24,Walk/Run Repeats,running,3.3,0.0,2023-01-18 12:01:48,2023-01-18 12:40:14.000000,2023-05-24 00:38:00.844,2.581977533648,156.0,172.0,582,71.0,80.0,4.07569745173264,4.88323148426437,,,,,,,2023-01-18,12,1,3,Wednesday,18,38,0,844000,11.17797695262484,38.0,Off Day
27,Delhi Running,running,3.2,0.2,2023-01-19 17:15:01,2023-01-19 17:54:52.000000,2023-05-24 00:39:13.397,3.147916208896,160.0,179.0,598,69.0,102.0,4.81612346826363,8.30798027413368,282.1522314,449.4750663,39.1086475085467,-84.6432348154485,39.1085448302329,-84.6430732961744,2023-01-19,17,1,3,Thursday,19,39,13,397000,13.047272727272727,39.21666666666667,Off Day
25,Stair Stepper,stair_climbing,1.3,0.0,2023-01-19 14:31:48,2023-01-19 14:44:09.000000,2023-05-24 00:10:54.447,0.0,126.0,153.0,125,24.0,85.0,0.0,,,,,,,,2023-01-19,14,1,3,Thursday,19,10,54,447000,6.8119891008174385,10.9,Off Day
26,Indoor Cycling,cycling,2.0,0.0,2023-01-19 14:44:20,2023-01-19 15:07:05.000000,2023-05-24 00:22:26.603,0.0,126.0,163.0,237,,,0.0,,,,,,,,2023-01-19,14,1,3,Thursday,19,22,26,603000,7.296049256028732,22.433333333333334,Off Day
28,Indoor Cycling,cycling,0.1,0.0,2023-01-21 11:14:23,2023-01-21 11:20:45.000000,2023-05-24 00:05:01.559,0.0,105.0,118.0,38,,,0.0,,,,,,,,2023-01-21,11,1,3,Saturday,21,5,1,559000,2.6511627906976747,5.016666666666667,Work Day
29,Walk/Run Repeats,running,3.4,0.2,2023-01-21 11:21:30,2023-01-21 11:53:49.000000,2023-05-24 00:32:00.000,2.37615453736,157.0,173.0,493,72.0,79.0,4.45597647573376,5.03086922613144,,,,,,,2023-01-21,11,1,3,Saturday,21,32,0,0,15.40625,32.0,Work Day
30,Indoor Cycling,cycling,0.5,0.0,2023-01-23 11:47:25,2023-01-23 11:56:31.000000,2023-05-24 00:08:11.478,0.0,114.0,132.0,74,,,0.0,,,,,,,,2023-01-23,11,1,4,Monday,23,8,11,478000,4.582043343653251,8.183333333333334,Work Day
31,Walk/Run Repeats,running,3.3,0.2,2023-01-23 11:57:13,2023-01-23 12:26:32.000000,2023-05-24 00:29:00.000,2.181590787216,160.0,173.0,453,73.0,81.0,4.51413659626961,5.09350316106796,,,,,,,2023-01-23,11,1,4,Monday,23,29,0,0,15.620689655172415,29.0,Work Day
32,Indoor Cycling,cycling,1.6,0.0,2023-01-24 11:41:11,2023-01-24 12:02:59.000000,2023-05-24 00:20:06.273,0.0,126.0,148.0,220,,,0.0,,,,,,,,2023-01-24,11,1,4,Tuesday,24,20,6,273000,8.924949290060852,20.1,Work Day
33,Stair Stepper,stair_climbing,2.5,0.0,2023-01-24 12:03:13,2023-01-24 12:24:26.000000,2023-05-24 00:20:03.072,0.0,146.0,160.0,288,37.0,77.0,0.0,,,,,,,,2023-01-24,12,1,4,Tuesday,24,20,3,72000,13.552941176470588,20.05,Work Day
34,Indoor Cycling,cycling,0.8,0.0,2023-01-25 12:41:01,2023-01-25 12:49:53.000000,2023-05-24 00:08:07.495,0.0,124.0,138.0,90,,,0.0,,,,,,,,2023-01-25,12,1,4,Wednesday,25,8,7,495000,5.4989816700611,8.116666666666667,Off Day
35,Walk/Run Repeats,running,3.3,0.0,2023-01-25 12:51:53,2023-01-25 13:19:14.000000,2023-05-24 00:26:00.000,1.954467186192,161.0,174.0,417,73.0,79.0,4.50966304853249,4.98836732266617,,,,,,,2023-01-25,12,1,4,Wednesday,25,26,0,0,16.03846153846154,26.0,Off Day
36,Stair Stepper,stair_climbing,2.1,0.0,2023-01-25 13:22:56,2023-01-25 13:34:49.000000,2023-05-24 00:09:48.233,0.0,152.0,166.0,152,42.0,70.0,0.0,,,,,,,,2023-01-25,13,1,4,Wednesday,25,9,48,233000,11.108404384896467,9.8,Off Day
39,Indoor Cycling,cycling,2.1,0.0,2023-01-26 12:41:31,2023-01-26 13:21:49.000000,2023-05-24 00:11:43.390,0.0,135.0,156.0,154,,,0.0,,,,,,,,2023-01-26,12,1,4,Thursday,26,11,43,390000,8.453796889295516,11.716666666666667,Off Day
38,Stair Stepper,stair_climbing,2.4,0.0,2023-01-26 12:15:45,2023-01-26 12:40:57.000000,2023-05-24 00:23:12.479,0.0,143.0,157.0,325,12.0,77.0,0.0,,,,,,,,2023-01-26,12,1,4,Thursday,26,23,12,479000,10.42223409941208,23.2,Off Day
37,Indoor Cycling,cycling,0.3,0.0,2023-01-26 12:08:58,2023-01-26 12:15:30.000000,2023-05-24 00:05:08.832,0.0,114.0,128.0,48,,,0.0,,,,,,,,2023-01-26,12,1,4,Thursday,26,5,8,832000,2.526315789473684,5.133333333333334,Off Day
40,Indoor Cycling,cycling,0.6,0.0,2023-01-27 11:32:03,2023-01-27 11:40:18.000000,2023-05-24 00:07:03.906,0.0,121.0,131.0,76,,,0.0,,,,,,,,2023-01-27,11,1,4,Friday,27,7,3,906000,3.4311512415349887,7.05,Work Day
41,Run,running,2.6,0.0,2023-01-27 11:41:26,2023-01-27 11:58:05.000000,2023-05-24 00:16:26.671,1.202552110784,155.0,170.0,250,72.0,79.0,4.3866314192009,4.98836732266617,,,,,,,2023-01-27,11,1,4,Friday,27,16,26,671000,9.052504526252262,16.433333333333334,Work Day
42,Treadmill Running,running,2.0,0.0,2023-01-27 11:58:25,2023-01-27 12:05:13.000000,2023-05-24 00:06:42.172,0.530737996768,159.0,167.0,110,74.0,79.0,4.75125222613144,5.03086922613144,,,,,,,2023-01-27,11,1,4,Friday,27,6,42,172000,11.498257839721255,6.7,Work Day
43,Indoor Rowing,indoor_rowing,2.1,0.0,2023-01-27 12:09:36,2023-01-27 12:29:53.000000,2023-05-24 00:20:04.313,0.0,137.0,155.0,262,29.0,36.0,0.0,,,,,,,,2023-01-27,12,1,4,Friday,27,20,4,313000,10.362557679630852,20.066666666666666,Work Day
44,Indoor Rowing,indoor_rowing,2.0,0.0,2023-01-28 11:32:18,2023-01-28 11:54:23.000000,2023-05-24 00:21:58.853,0.0,132.0,154.0,245,29.0,33.0,0.0,,,,,,,,2023-01-28,11,1,4,Saturday,28,21,58,853000,6.771073238139107,21.966666666666665,Work Day
45,Indoor Cycling,cycling,1.8,0.0,2023-01-28 11:57:54,2023-01-28 12:15:05.000000,2023-05-24 00:15:04.841,0.0,134.0,143.0,193,,,0.0,,,,,,,,2023-01-28,11,1,4,Saturday,28,15,4,841000,6.636103151862463,15.066666666666666,Work Day
46,Indoor Rowing,indoor_rowing,1.2,0.0,2023-01-28 12:15:50,2023-01-28 12:26:18.000000,2023-05-24 00:10:12.552,0.0,130.0,151.0,124,27.0,32.0,0.0,,,,,,,,2023-01-28,12,1,4,Saturday,28,10,12,552000,6.391752577319588,10.2,Work Day
47,Indoor Rowing,indoor_rowing,0.2,0.0,2023-01-29 11:25:32,2023-01-29 11:31:29.000000,2023-05-24 00:05:05.935,0.0,110.0,121.0,43,24.0,26.0,0.0,,,,,,,,2023-01-29,11,1,4,Sunday,29,5,5,935000,2.0806451612903225,5.083333333333333,Work Day
48,Run,running,3.1,0.0,2023-01-29 11:34:36,2023-01-29 11:58:18.000000,2023-05-24 00:23:17.947,1.71399031808,160.0,172.0,372,71.0,81.0,4.41347483893204,5.07113382240105,,,,,,,2023-01-29,11,1,4,Sunday,29,23,17,947000,9.522184300341296,23.283333333333335,Work Day
49,Indoor Rowing,indoor_rowing,2.2,0.0,2023-01-29 12:02:10,2023-01-29 12:18:17.000000,2023-05-24 00:15:07.327,0.0,146.0,171.0,220,27.0,30.0,0.0,,,,,,,,2023-01-29,12,1,4,Sunday,29,15,7,327000,10.696920583468396,15.116666666666667,Work Day
53,Rowing 1 on 2 soft,indoor_rowing,2.1,0.0,2023-01-30 20:38:20,2023-01-30 21:01:06.000000,2023-05-24 00:22:39.973,0.0,137.0,155.0,272,29.0,46.0,0.0,,,,,,,,2023-01-30,20,1,5,Monday,30,22,39,973000,6.998284734133792,22.65,Work Day
52,Indoor Rowing,indoor_rowing,1.7,0.0,2023-01-30 12:26:09,2023-01-30 12:43:14.000000,2023-05-24 00:12:17.732,0.0,135.0,148.0,157,28.0,31.0,0.0,,,,,,,,2023-01-30,12,1,5,Monday,30,12,17,732000,6.412525527569775,12.283333333333333,Work Day
50,Indoor Rowing,indoor_rowing,1.9,0.0,2023-01-30 11:45:17,2023-01-30 12:05:42.000000,2023-05-24 00:20:05.265,0.0,130.0,153.0,235,27.0,34.0,0.0,,,,,,,,2023-01-30,11,1,5,Monday,30,20,5,265000,9.591836734693878,20.083333333333332,Work Day
51,Treadmill Running,running,2.5,0.0,2023-01-30 12:08:13,2023-01-30 12:20:51.000000,2023-05-24 00:12:26.290,1.006285803552,162.0,172.0,204,77.0,82.0,4.85415129066467,5.05100125760269,,,,,,,2023-01-30,12,1,5,Monday,30,12,26,290000,11.814671814671815,12.433333333333334,Work Day
54,Delhi Jack,generic,0.0,0.0,2023-01-31 00:16:33,2023-01-31 00:41:46.000000,2023-05-24 00:25:05.207,0.016957220048,75.0,105.0,74,,57.0,0.0402648462666869,2.44273412906647,,9.8425197,39.1085649468005,-84.6430311352015,39.1086081974208,-84.6430687699467,2023-01-31,0,1,5,Tuesday,31,25,5,207000,2.593457943925234,25.083333333333332,Work Day
55,Rowing 1 on 2 soft,indoor_rowing,0.6,0.0,2023-01-31 11:26:30,2023-01-31 11:34:47.000000,2023-05-24 00:08:10.241,0.0,121.0,136.0,85,26.0,42.0,0.0,,,,,,,,2023-01-31,11,1,5,Tuesday,31,8,10,241000,6.976744186046512,8.166666666666666,Work Day
56,Run,running,2.7,0.0,2023-01-31 11:38:11,2023-01-31 11:54:37.000000,2023-05-24 00:16:17.485,1.238622708944,157.0,172.0,251,73.0,79.0,4.57900783840179,7.61900378986931,,,,,,,2023-01-31,11,1,5,Tuesday,31,16,17,485000,10.30095759233926,16.283333333333335,Work Day
57,Treadmill Running,running,2.4,0.0,2023-01-31 11:56:16,2023-01-31 12:08:59.000000,2023-05-24 00:12:30.551,1.00764660648,158.0,165.0,202,76.0,78.0,4.83401872586632,4.98836732266617,,,,,,,2023-01-31,11,1,5,Tuesday,31,12,30,551000,9.315910837817064,12.5,Work Day
58,Rowing 1 on 2 soft,indoor_rowing,0.3,0.0,2023-01-31 12:12:47,2023-01-31 12:15:56.000000,2023-05-24 00:03:03.608,0.0,126.0,131.0,35,27.0,37.0,0.0,,,,,,,,2023-01-31,12,1,5,Tuesday,31,3,3,608000,2.6548672566371683,3.05,Work Day
59,Rowing 1 on 2 soft,indoor_rowing,0.9,0.0,2023-02-01 14:24:58,2023-02-01 14:34:28.000000,2023-05-24 00:09:14.294,0.0,125.0,143.0,103,28.0,40.0,0.0,,,,,,,,2023-02-01,14,2,5,Wednesday,1,9,14,294000,7.287735849056604,9.233333333333333,Off Day
60,Run,running,2.5,0.0,2023-02-01 14:36:20,2023-02-01 14:52:29.000000,2023-05-24 00:15:58.181,1.174938374656,151.0,168.0,233,72.0,79.0,4.41347483893204,5.05100125760269,,,,,,,2023-02-01,14,2,5,Wednesday,1,15,58,181000,12.273924495171203,15.966666666666667,Off Day
61,Treadmill Running,running,2.4,0.0,2023-02-01 14:53:38,2023-02-01 15:07:34.000000,2023-05-24 00:13:51.158,1.003539342848,156.0,169.0,203,75.0,81.0,4.71098709653473,5.13376829066467,,,,,,,2023-02-01,14,2,5,Wednesday,1,13,51,158000,12.315470171890798,13.85,Off Day
62,Rowing 1 on 2 soft,indoor_rowing,0.4,0.0,2023-02-02 12:33:01,2023-02-02 12:42:32.000000,2023-05-24 00:07:04.176,0.0,114.0,126.0,64,25.0,36.0,0.0,,,,,,,,2023-02-02,12,2,5,Thursday,2,7,4,176000,6.4,7.066666666666666,Off Day
63,Treadmill Running,running,2.9,0.0,2023-02-02 12:45:05,2023-02-02 13:16:05.000000,2023-05-24 00:30:41.880,2.4343770188,149.0,164.0,446,75.0,78.0,4.77809511253548,4.9458654192009,,,,,,,2023-02-02,12,2,5,Thursday,2,30,41,880000,9.834619625137817,30.683333333333334,Off Day
66,Treadmill Running,running,1.5,0.0,2023-02-03 10:57:59,2023-02-03 11:11:10.000000,2023-05-24 00:06:01.801,0.462666781808,145.0,156.0,89,74.0,77.0,4.60361448426437,4.90560082293129,,,,,,,2023-02-03,10,2,5,Friday,3,6,1,801000,4.59552495697074,6.016666666666667,Work Day
64,Rowing 1 on 2 soft,indoor_rowing,0.2,0.0,2023-02-03 10:33:43,2023-02-03 10:39:17.000000,2023-05-24 00:03:35.821,0.0,112.0,120.0,32,23.0,30.0,0.0,,,,,,,,2023-02-03,10,2,5,Friday,3,3,35,821000,1.8532818532818534,3.5833333333333335,Work Day
65,Run,running,2.6,0.0,2023-02-03 10:39:31,2023-02-03 10:56:10.000000,2023-05-24 00:16:19.074,1.2514415968,154.0,173.0,250,74.0,80.0,4.60137717706871,5.13376829066467,,,,,,,2023-02-03,10,2,5,Friday,3,16,19,74000,14.245014245014245,16.316666666666666,Work Day
67,Rowing 1 on 2 soft,indoor_rowing,0.3,0.0,2023-02-04 11:00:37,2023-02-04 11:07:34.000000,2023-05-24 00:06:42.357,0.0,113.0,136.0,58,24.0,51.0,0.0,,,,,,,,2023-02-04,11,2,5,Saturday,4,6,42,357000,4.58498023715415,6.7,Work Day
68,Treadmill Running,running,2.7,0.0,2023-02-04 11:10:27,2023-02-04 11:33:38.000000,2023-05-24 00:22:17.504,1.784105844288,150.0,161.0,337,75.0,78.0,4.80270175839806,4.96823475786781,,,,,,,2023-02-04,11,2,5,Saturday,4,22,17,504000,10.983161325366646,22.283333333333335,Work Day
69,Rowing 1 on 2 soft,indoor_rowing,1.4,0.0,2023-02-04 11:35:21,2023-02-04 11:57:24.000000,2023-05-24 00:21:57.543,0.0,128.0,140.0,242,26.0,35.0,0.0,,,,,,,,2023-02-04,11,2,5,Saturday,4,21,57,543000,7.806451612903226,21.95,Work Day
70,Rowing 1 on 2 soft,indoor_rowing,0.3,0.0,2023-02-05 10:52:11,2023-02-05 10:59:26.000000,2023-05-24 00:06:23.192,0.0,112.0,119.0,53,24.0,31.0,0.0,,,,,,,,2023-02-05,10,2,5,Sunday,5,6,23,192000,5.530434782608696,6.383333333333334,Work Day
71,Run,running,3.1,0.0,2023-02-05 11:01:06,2023-02-05 11:23:53.000000,2023-05-24 00:22:35.129,1.741684832464,160.0,172.0,354,75.0,80.0,4.62598382293129,5.11363572586632,,,,,,,2023-02-05,11,2,5,Sunday,5,22,35,129000,14.312668463611862,22.583333333333332,Work Day
72,Rowing 1 on 2 soft,indoor_rowing,1.2,0.0,2023-02-05 11:37:56,2023-02-05 11:37:56.000000,2023-05-24 00:09:06.320,0.0,136.0,164.0,114,25.0,35.0,0.0,,,,,,,,2023-02-05,11,2,5,Sunday,5,9,6,320000,7.8983833718244805,9.1,Work Day
73,Delhi Running,running,2.6,0.1,2023-02-06 10:55:08,2023-02-06 11:38:46.000000,2023-05-24 00:41:41.655,3.137402608192,150.0,170.0,526,71.0,83.0,4.51413659626961,6.32381785440254,252.6246723,400.2624678,39.1082528885454,-84.6425868943334,39.1085574030876,-84.6431266050786,2023-02-06,10,2,6,Monday,6,41,41,655000,10.000000000000002,41.68333333333333,Work Day
74,Delhi - Run,running,2.5,0.6,2023-02-07 10:49:48,2023-02-07 11:04:25.000000,2023-05-24 00:14:24.198,1.261675580464,158.0,178.0,217,72.0,87.0,5.25679938666916,7.99480899946976,154.1994753,200.1312339,39.1081951372325,-84.6422061882913,39.1051230020821,-84.6440193615854,2023-02-07,10,2,6,Tuesday,7,14,24,198000,12.259887005649718,14.4,Work Day
75,Delhi Walking,walking,0.3,0.0,2023-02-07 11:12:06,2023-02-07 11:19:07.000000,2023-05-24 00:06:52.551,0.36928090416,116.0,123.0,61,50.0,55.0,3.22342474186707,3.52764812106609,85.3018374,88.5826773,39.1061580833048,-84.640809930861,39.1084217838943,-84.642976988107,2023-02-07,11,2,6,Tuesday,7,6,52,551000,3.8006230529595015,6.866666666666667,Work Day
77,Delhi - Run,running,3.2,0.0,2023-02-08 12:59:35,2023-02-08 13:25:34.000000,2023-05-24 00:25:28.183,2.286627374864,164.0,174.0,407,76.0,80.0,5.41562206453323,6.03301645173264,272.3097117,226.3779531,39.1115432046354,-84.6356429904699,39.1116594616324,-84.6351868472993,2023-02-08,12,2,6,Wednesday,8,25,28,183000,14.272355347749855,25.466666666666665,Off Day
76,Rowing 1 on 2 soft,indoor_rowing,0.7,0.0,2023-02-08 12:22:36,2023-02-08 12:39:11.000000,2023-05-24 00:16:21.875,0.0,117.0,135.0,149,26.0,37.0,0.0,,,,,,,,2023-02-08,12,2,6,Wednesday,8,16,21,875000,4.816810344827585,16.35,Off Day
78,Delhi - Recovery,running,2.3,0.0,2023-02-09 11:34:23,2023-02-09 12:05:35.000000,2023-05-24 00:31:02.479,2.293008857088,152.0,167.0,395,74.0,79.0,4.43137009653473,4.86309891946602,291.9947511,282.1522314,39.1084390506148,-84.643074804917,39.1084135696292,-84.6430397685617,2023-02-09,11,2,6,Thursday,9,31,2,479000,10.12387868432294,31.033333333333335,Off Day
79,Delhi - Run,running,2.3,0.0,2023-02-10 12:09:22,2023-02-10 12:24:37.000000,2023-05-24 00:15:07.364,1.236391986336,155.0,170.0,208,72.0,82.0,4.92349608053398,6.61685656426811,85.3018374,252.6246723,39.1084284894168,-84.6431685145944,39.104485893622,-84.6419471036643,2023-02-10,12,2,6,Friday,10,15,7,364000,9.81904012588513,15.116666666666667,Work Day
80,Delhi Walking,walking,0.6,0.0,2023-02-10 12:24:48,2023-02-10 12:37:31.000000,2023-05-24 00:12:37.383,0.533148917024,117.0,126.0,111,41.0,59.0,2.53444852426624,3.19434454826736,193.5695541,187.0078743,39.1047065891325,-84.6419975627214,39.1085041780025,-84.6429999545217,2023-02-10,12,2,6,Friday,10,12,37,383000,5.842105263157895,12.616666666666667,Work Day
81,Delhi - Threshold,running,3.4,0.0,2023-02-11 12:09:44,2023-02-11 12:54:32.000000,2023-05-24 00:43:39.178,3.670831142256,161.0,172.0,645,76.0,83.0,5.14719000053024,6.28355325813293,456.0367461,337.9265097,39.1084003262222,-84.6427913289517,39.1084258910269,-84.6430182270706,2023-02-11,12,2,6,Saturday,11,43,39,178000,13.836253128351805,43.65,Work Day
82,Delhi - Run,running,2.7,0.0,2023-02-12 11:56:56,2023-02-12 12:12:14.000000,2023-05-24 00:14:33.726,1.299243683216,158.0,175.0,230,76.0,81.0,5.37312016106796,6.36631975786781,223.0971132,173.8845147,39.1084609273821,-84.6429980266839,39.1085413098335,-84.643082767725,2023-02-12,11,2,6,Sunday,12,14,33,726000,8.630393996247655,14.55,Work Day
83,Delhi - Run,running,2.5,0.0,2023-02-14 11:25:30,2023-02-14 11:48:14.000000,2023-05-24 00:21:32.785,1.769006524128,158.0,170.0,302,75.0,104.0,4.92573285440254,27.8632755498581,265.7480319,308.3989506,39.1085635218769,-84.6428744774312,39.1078075580299,-84.6415204647928,2023-02-14,11,2,7,Tuesday,14,21,32,785000,8.724121328839672,21.533333333333335,Work Day
84,Delhi - Run,running,3.0,0.0,2023-02-15 11:54:08,2023-02-15 12:27:44.000000,2023-05-24 00:33:21.345,2.765716997488,158.0,173.0,486,76.0,82.0,4.9749456128006,5.92788061333084,288.7139112,354.3307092,39.1086592432112,-84.6431570313871,39.1080382280052,-84.6422691363841,2023-02-15,11,2,7,Wednesday,15,33,21,345000,12.429667519181585,33.35,Off Day
85,Indoor Rowing,indoor_rowing,1.4,0.0,2023-02-16 12:42:39,2023-02-16 12:52:53.000000,2023-05-24 00:10:07.006,0.0,134.0,146.0,129,27.0,29.0,0.0,,,,,,,,2023-02-16,12,2,7,Thursday,16,10,7,6000,12.62642740619902,10.116666666666667,Off Day
86,Indoor Cycling,cycling,0.5,0.0,2023-02-16 12:58:07,2023-02-16 13:12:26.000000,2023-05-24 00:11:37.551,0.0,117.0,126.0,109,,,0.0,,,,,,,,2023-02-16,12,2,7,Thursday,16,11,37,551000,5.240384615384615,11.616666666666667,Off Day
89,Indoor Cycling,cycling,0.9,0.0,2023-02-17 12:20:03,2023-02-17 12:40:28.000000,2023-05-24 00:20:12.488,0.0,122.0,130.0,199,,,0.0,,,,,,,,2023-02-17,12,2,7,Friday,17,20,12,488000,7.023529411764706,20.2,Work Day
88,Run,running,3.1,0.0,2023-02-17 11:51:42,2023-02-17 12:18:00.000000,2023-05-24 00:24:33.700,2.116073407888,154.0,170.0,372,74.0,79.0,6.49158816106796,4.65506401653099,,,,,,,2023-02-17,11,2,7,Friday,17,24,33,700000,10.271514035895075,24.55,Work Day
87,Indoor Rowing,indoor_rowing,0.8,0.0,2023-02-17 11:37:51,2023-02-17 11:48:14.000000,2023-05-24 00:10:13.331,0.0,124.0,136.0,111,24.0,26.0,0.0,,,,,,,,2023-02-17,11,2,7,Friday,17,10,13,331000,7.055084745762711,10.216666666666667,Work Day
90,Indoor Cycling,cycling,0.9,0.0,2023-02-18 11:33:31,2023-02-18 11:57:12.000000,2023-05-24 00:23:05.394,0.0,119.0,134.0,211,,,0.0,,,,,,,,2023-02-18,11,2,7,Saturday,18,23,5,394000,7.116357504215852,23.083333333333332,Work Day
91,Treadmill Running,running,0.3,0.0,2023-02-18 11:59:13,2023-02-18 12:02:21.000000,2023-05-24 00:02:51.508,0.164762787392,123.0,142.0,30,67.0,78.0,3.45830306453323,4.1741227018652,,,,,,,2023-02-18,11,2,7,Saturday,18,2,51,508000,2.6509572901325478,2.85,Work Day
92,Treadmill Running,running,2.2,0.0,2023-02-18 12:03:52,2023-02-18 12:16:31.000000,2023-05-24 00:12:12.757,0.827181768864,145.0,161.0,173,75.0,77.0,4.9129514013295,4.48729370986557,,,,,,,2023-02-18,12,2,7,Saturday,18,12,12,757000,6.97112155809268,12.2,Work Day
93,Delhi - Run,running,3.0,0.0,2023-02-19 11:29:41,2023-02-19 11:56:18.000000,2023-05-24 00:26:18.251,2.24557337968,156.0,173.0,378,75.0,81.0,5.12258335466766,49.6957692885437,298.5564309,314.9606304,39.1120928060263,-84.6352639608085,39.1116283647716,-84.6352865919471,2023-02-19,11,2,7,Sunday,19,26,18,251000,12.400218698742481,26.3,Work Day
94,Delhi - Recovery,running,2.6,0.0,2023-02-20 11:45:44,2023-02-20 12:16:32.000000,2023-05-24 00:30:32.395,2.44161599328,152.0,172.0,413,75.0,81.0,4.79599090346527,6.42895422613144,255.9055122,456.0367461,39.1084856539965,-84.6429919078946,39.1084623523057,-84.6430680155754,2023-02-20,11,2,8,Monday,20,30,32,395000,11.127076784912438,30.533333333333335,Work Day
95,Delhi - Run,running,2.5,0.4,2023-02-21 11:29:14,2023-02-21 11:44:19.000000,2023-05-24 00:14:10.391,1.25420669864,160.0,180.0,210,73.0,81.0,5.31048622613144,6.65712169386482,187.0078743,196.850394,39.1079128347337,-84.6436363924295,39.104366870597,-84.642752436921,2023-02-21,11,2,8,Tuesday,21,14,10,391000,10.15310233682514,14.166666666666666,Work Day
96,Delhi Running,running,1.3,0.0,2023-02-21 11:46:06,2023-02-21 11:52:00.000000,2023-05-24 00:05:48.804,0.461945991216,150.0,164.0,82,75.0,78.0,4.76691070986557,5.11363572586632,65.616798,78.7401576,39.1053015366197,-84.6414317004383,39.1085333470255,-84.6431331429631,2023-02-21,11,2,8,Tuesday,21,5,48,804000,4.270833333333334,5.8,Work Day
97,Delhi - Base,running,2.3,0.0,2023-02-21 18:47:36,2023-02-21 19:11:32.000000,2023-05-24 00:23:17.480,1.678429244304,156.0,173.0,303,67.0,82.0,4.32399721760082,5.25903669386482,203.4120738,193.5695541,39.1085749212652,-84.6432456281036,39.1085305809975,-84.6431773155928,2023-02-21,18,2,8,Tuesday,21,23,17,480000,9.685668620138518,23.283333333333335,Work Day
98,Delhi Running,running,2.7,0.0,2023-02-22 12:31:00,2023-02-22 13:00:02.000000,2023-05-24 00:28:42.544,2.29680543512,157.0,169.0,393,75.0,78.0,4.80046445120239,5.25903669386482,288.7139112,288.7139112,39.1084997355938,-84.6433148626238,39.1084911860526,-84.6431618928909,2023-02-22,12,2,8,Wednesday,22,28,42,544000,10.406001765225067,28.7,Off Day
99,Delhi - Run,running,2.5,0.0,2023-02-23 14:13:31,2023-02-23 15:00:15.000000,2023-05-24 00:46:17.959,3.247111907264,146.0,168.0,535,68.0,82.0,4.20767670986557,5.88537870986557,314.9606304,383.8582683,39.1084009967744,-84.6431005373597,39.1084127314389,-84.6430556941777,2023-02-23,14,2,8,Thursday,23,46,17,959000,8.592077087794433,46.28333333333333,Off Day
100,Delhi - Run,running,2.8,0.0,2023-02-25 12:02:56,2023-02-25 12:24:27.000000,2023-05-24 00:21:15.355,1.776991144048,157.0,170.0,308,75.0,79.0,5.01521074239731,5.61470933866692,206.6929137,180.4461945,39.1084565687925,-84.6430092584342,39.1078027803451,-84.6403283905238,2023-02-25,12,2,8,Saturday,25,21,15,355000,11.337423312883436,21.25,Work Day
101,Delhi - Run,running,2.8,0.0,2023-02-27 09:50:14,2023-02-27 10:18:08.000000,2023-05-24 00:27:44.334,2.2251302672,152.0,169.0,382,73.0,79.0,4.81388616106796,5.61470933866692,246.0629925,334.6456698,39.1086355224252,-84.6432198118418,39.1081875935197,-84.6422729082406,2023-02-27,9,2,9,Monday,27,27,44,334000,11.471471471471473,27.733333333333334,Work Day
102,Treadmill Running,running,2.3,0.0,2023-02-28 11:36:34,2023-02-28 11:50:54.000000,2023-05-24 00:13:52.303,1.109998870544,146.0,158.0,196,73.0,78.0,4.80046445120239,4.57006020960045,,,,,,,2023-02-28,11,2,9,Tuesday,28,13,52,303000,10.36123348017621,13.866666666666667,Work Day
103,Base,running,2.5,0.0,2023-02-28 11:53:07,2023-02-28 12:05:28.000000,2023-05-24 00:12:11.062,1.002470584384,158.0,167.0,189,75.0,78.0,4.93691779039955,5.17626966080284,,,,,,,2023-02-28,11,2,9,Tuesday,28,12,11,62000,14.300126103404791,12.183333333333334,Work Day
104,Delhi Running,running,3.3,0.0,2023-03-01 11:50:10,2023-03-01 12:25:18.000000,2023-05-24 00:35:01.726,3.089028860272,164.0,179.0,529,76.0,80.0,5.29035366133308,5.99051454826736,242.7821526,255.9055122,39.1116685979068,-84.6356313396245,39.1115847788751,-84.635555902496,2023-03-01,11,3,9,Wednesday,1,35,1,726000,11.227449593208348,35.016666666666666,Off Day
105,Run,running,3.1,0.0,2023-03-03 12:03:27,2023-03-03 12:25:49.000000,2023-05-24 00:22:10.874,1.725088007712,155.0,173.0,323,72.0,78.0,4.6662484192009,5.61470933866692,,,,,,,2023-03-03,12,3,9,Friday,3,22,10,874000,8.793103448275861,22.166666666666668,Work Day
106,Indoor Cycling,cycling,1.5,0.0,2023-03-04 11:58:09,2023-03-04 12:29:13.000000,2023-05-24 00:30:14.966,0.0,125.0,134.0,297,,,0.0,,,,,,,,2023-03-04,11,3,9,Saturday,4,30,14,966000,6.410071942446043,30.233333333333334,Work Day
107,Elliptical,elliptical,0.4,0.0,2023-03-04 12:30:26,2023-03-04 12:36:27.000000,2023-05-24 00:05:56.308,0.0,119.0,128.0,58,36.0,51.0,0.0,,,,,,,,2023-03-04,12,3,9,Saturday,4,5,56,308000,5.240963855421687,5.933333333333334,Work Day
108,Delhi - Run,running,3.0,0.0,2023-03-05 12:44:42,2023-03-05 13:12:40.000000,2023-05-24 00:27:31.931,2.276784855056,157.0,172.0,387,74.0,79.0,4.96152390293503,5.40667443573189,190.2887142,223.0971132,39.1085703950375,-84.6431017108262,39.1082776151597,-84.6425110381097,2023-03-05,12,3,9,Sunday,5,27,31,931000,8.993028659953525,27.516666666666666,Work Day
109,Indoor Rowing,indoor_rowing,0.7,0.0,2023-03-06 11:26:39,2023-03-06 11:34:16.000000,2023-05-24 00:05:23.546,6.213712e-06,123.0,136.0,57,27.0,29.0,0.0,,,,,,,,2023-03-06,11,3,10,Monday,6,5,23,546000,3.9355581127733026,5.383333333333334,Work Day
110,Indoor Cycling,cycling,2.2,0.0,2023-03-06 11:34:28,2023-03-06 12:05:21.000000,2023-05-24 00:30:04.631,0.0,128.0,158.0,323,,,0.0,,,,,,,,2023-03-06,11,3,10,Monday,6,30,4,631000,7.958932238193018,30.066666666666666,Work Day
111,Delhi - Run,running,3.0,0.0,2023-03-07 11:09:59,2023-03-07 11:31:37.000000,2023-05-24 00:20:39.419,1.765769180176,156.0,175.0,304,74.0,78.0,5.12929420960045,6.22091878986931,308.3989506,314.9606304,39.1083819698542,-84.6429516747594,39.1080972366035,-84.6421007439494,2023-03-07,11,3,10,Tuesday,7,20,39,419000,11.001206272617612,20.65,Work Day
112,Base,running,3.8,0.0,2023-03-08 13:20:42,2023-03-08 14:15:06.000000,2023-05-24 00:54:07.948,4.433353024048,156.0,165.0,814,75.0,78.0,4.91454845173264,5.82274424160194,,,,,,,2023-03-08,13,3,10,Wednesday,8,54,7,948000,11.642431466030988,54.11666666666667,Off Day
114,Delhi Jack,generic,0.1,0.0,2023-03-09 15:27:21,2023-03-09 15:35:02.000000,2023-05-24 00:07:30.484,0.079616291856,98.0,112.0,45,,,0.635289844799757,5.25903669386482,121.3910763,32.808399,39.1088347602636,-84.6432715281844,39.1085703112185,-84.6430094260722,2023-03-09,15,3,10,Thursday,9,7,30,484000,2.890792291220557,7.5,Off Day
113,Run,running,3.6,0.0,2023-03-09 12:41:50,2023-03-09 13:20:25.000000,2023-05-24 00:38:22.678,3.238909807424,156.0,169.0,567,74.0,78.0,5.06442296746826,5.97038198346901,,,,,,,2023-03-09,12,3,10,Thursday,9,38,22,678000,11.416107382550335,38.36666666666667,Off Day
115,Run,running,3.1,0.0,2023-03-10 12:19:35,2023-03-10 12:47:32.000000,2023-05-24 00:27:40.310,2.210826302176,151.0,165.0,392,72.0,78.0,4.79375359626961,5.78247964533234,,,,,,,2023-03-10,12,3,10,Friday,10,27,40,310000,11.939086294416242,27.666666666666668,Work Day
117,Run,running,3.4,0.0,2023-03-12 21:16:46,2023-03-12 21:48:43.000000,2023-05-24 00:31:45.932,2.661655962624,157.0,168.0,478,73.0,78.0,5.02639514506722,5.88537870986557,,,,,,,2023-03-12,21,3,10,Sunday,12,31,45,932000,10.10927035600987,31.75,Work Day
118,Run,running,3.1,0.0,2023-03-14 11:44:14,2023-03-14 12:11:59.000000,2023-05-24 00:27:33.368,2.210670959376,148.0,163.0,383,72.0,78.0,4.81388616106796,5.80261221013069,,,,,,,2023-03-14,11,3,11,Tuesday,14,27,33,368000,11.370608609599207,27.55,Work Day
119,Run,running,3.0,0.0,2023-03-16 13:13:22,2023-03-16 13:48:51.000000,2023-05-24 00:35:14.328,2.718430649168,145.0,159.0,476,72.0,77.0,4.62822059679985,5.71984517706871,,,,,,,2023-03-16,13,3,11,Thursday,16,35,14,328000,11.695331695331694,35.233333333333334,Off Day
120,Indoor Cycling,cycling,1.3,0.0,2023-03-18 11:31:38,2023-03-18 11:51:44.000000,2023-05-24 00:20:01.615,0.0,114.0,148.0,172,,,0.0,,,,,,,,2023-03-18,11,3,11,Saturday,18,20,1,615000,5.682819383259912,20.016666666666666,Work Day
121,Run,running,3.3,0.0,2023-03-19 21:15:31,2023-03-19 21:49:26.000000,2023-05-24 00:33:38.422,2.706052934864,152.0,168.0,471,72.0,78.0,4.82730787093353,5.69747583840179,,,,,,,2023-03-19,21,3,11,Sunday,19,33,38,422000,11.581967213114755,33.63333333333333,Work Day
122,Delhi - Run,running,2.9,0.0,2023-03-21 11:35:47,2023-03-21 11:56:58.000000,2023-05-24 00:20:53.108,1.749048081184,152.0,171.0,295,72.0,79.0,5.02415837119865,5.67734380693054,265.7480319,154.1994753,39.1088072676212,-84.6429614815861,39.1085306648165,-84.6431423630565,2023-03-21,11,3,12,Tuesday,21,20,53,108000,13.005143277002205,20.883333333333333,Work Day
126,Treadmill Running,running,2.0,0.0,2023-03-22 14:07:14,2023-03-22 14:17:33.000000,2023-05-24 00:06:19.020,0.44844359504,144.0,164.0,84,68.0,75.0,4.25912624213219,4.6953286128006,,,,,,,2023-03-22,14,3,12,Wednesday,22,6,19,20000,12.631578947368421,6.316666666666666,Off Day
123,Run,running,2.7,0.0,2023-03-22 13:24:48,2023-03-22 13:40:09.000000,2023-05-24 00:15:10.224,1.212115013552,153.0,178.0,212,71.0,80.0,4.79375359626961,6.05314901653099,,,,,,,2023-03-22,13,3,12,Wednesday,22,15,10,224000,11.216931216931219,15.166666666666666,Off Day
124,Stair Stepper,stair_climbing,2.2,0.0,2023-03-22 13:42:30,2023-03-22 13:57:27.000000,2023-05-24 00:14:47.769,0.0,139.0,161.0,190,8.0,70.0,0.0,,,,,,,,2023-03-22,13,3,12,Wednesday,22,14,47,769000,6.884057971014492,14.783333333333333,Off Day
125,Indoor Rowing,indoor_rowing,1.0,0.0,2023-03-22 13:59:28,2023-03-22 14:05:42.000000,2023-05-24 00:05:50.347,0.0,134.0,143.0,72,26.0,28.0,0.0,,,,,,,,2023-03-22,13,3,12,Wednesday,22,5,50,347000,6.197991391678622,5.833333333333333,Off Day
128,Elliptical,elliptical,0.4,0.0,2023-03-24 12:20:52,2023-03-24 12:26:00.000000,2023-05-24 00:04:02.531,0.0,122.0,128.0,42,42.0,55.0,0.0,,,,,,,,2023-03-24,12,3,12,Friday,24,4,2,531000,3.260025873221216,4.033333333333333,Work Day
127,Indoor Cycling,cycling,0.5,0.0,2023-03-24 11:58:07,2023-03-24 12:19:47.000000,2023-05-24 00:20:13.167,0.0,109.0,122.0,149,,,0.0,,,,,,,,2023-03-24,11,3,12,Friday,24,20,13,167000,6.478260869565218,20.216666666666665,Work Day
129,Treadmill Running,running,3.2,0.0,2023-03-25 13:28:32,2023-03-25 13:58:41.000000,2023-05-24 00:30:04.012,2.31404848592,150.0,164.0,431,72.0,76.0,4.61703566080284,5.53194283893204,,,,,,,2023-03-25,13,3,12,Saturday,25,30,4,12000,14.240088105726873,30.066666666666666,Work Day
130,Indoor Cycling,cycling,2.4,0.0,2023-03-27 11:44:21,2023-03-27 12:15:01.000000,2023-05-24 00:30:03.346,0.0,128.0,170.0,319,,,0.0,,,,,,,,2023-03-27,11,3,13,Monday,27,30,3,346000,8.906468124709166,30.05,Work Day
131,Treadmill Running,running,3.3,0.0,2023-03-28 22:18:59,2023-03-28 22:44:26.000000,2023-05-24 00:25:09.544,2.218754998688,160.0,170.0,386,74.0,77.0,5.29035366133308,5.82274424160194,,,,,,,2023-03-28,22,3,13,Tuesday,28,25,9,544000,11.281052118850463,25.15,Work Day
132,Indoor Cycling,cycling,2.2,0.0,2023-03-28 22:46:44,2023-03-28 23:15:03.000000,2023-05-24 00:25:10.011,0.0,136.0,148.0,303,,,0.0,,,,,,,,2023-03-28,22,3,13,Tuesday,28,25,10,11000,11.95266272189349,25.166666666666668,Work Day
133,Treadmill Running,running,3.1,0.0,2023-03-29 14:42:27,2023-03-29 15:14:45.000000,2023-05-24 00:32:18.574,2.546981907664,148.0,160.0,452,72.0,75.0,4.72888288746452,5.46930837066841,,,,,,,2023-03-29,14,3,13,Wednesday,29,32,18,574000,10.796178343949046,32.3,Off Day
134,Treadmill Running,running,3.1,0.0,2023-03-30 13:47:46,2023-03-30 14:03:22.000000,2023-05-24 00:15:19.865,1.403665113376,170.0,176.0,253,75.0,79.0,5.49391501653099,5.90774804853249,,,,,,,2023-03-30,13,3,13,Thursday,30,15,19,865000,8.508968609865471,15.316666666666666,Off Day
135,Elliptical,elliptical,2.3,0.0,2023-03-30 14:05:27,2023-03-30 14:25:41.000000,2023-05-24 00:20:06.899,0.0,137.0,163.0,248,50.0,62.0,0.0,,,,,,,,2023-03-30,14,3,13,Thursday,30,20,6,899000,7.068883610451306,20.1,Off Day
136,Elliptical,elliptical,3.0,0.0,2023-03-31 11:38:33,2023-03-31 12:09:35.000000,2023-05-24 00:30:09.461,0.0,143.0,167.0,398,48.0,60.0,0.0,,,,,,,,2023-03-31,11,3,13,Friday,31,30,9,461000,10.519823788546256,30.15,Work Day
137,Benchmark Run,running,2.0,0.0,2023-04-01 11:35:53,2023-04-01 11:46:43.000000,2023-05-24 00:09:00.000,0.679090370768,140.0,164.0,115,69.0,76.0,4.52755830613518,5.73997774186707,,,,,,,2023-04-01,11,4,13,Saturday,1,9,0,0,12.777777777777779,9.0,Work Day
138,Indoor Cycling,cycling,2.1,0.0,2023-04-01 11:46:54,2023-04-01 12:17:16.000000,2023-05-24 00:30:08.011,6.213712e-06,132.0,144.0,340,,,0.0,,,,,,,,2023-04-01,11,4,13,Saturday,1,30,8,11000,11.214953271028037,30.133333333333333,Work Day
139,Delhi - Goal Pace Repeats,running,3.0,0.0,2023-04-03 11:24:22,2023-04-03 11:58:35.000000,2023-05-24 00:33:59.460,2.582779102496,148.0,167.0,443,69.0,79.0,4.55887580693054,5.71984517706871,285.4330713,357.6115491,39.1086331754923,-84.6418505441397,39.1084098815918,-84.6430077496916,2023-04-03,11,4,14,Monday,3,33,59,460000,10.636254501800721,33.983333333333334,Work Day
142,Indoor Cycling,cycling,0.7,0.0,2023-04-04 22:57:33,2023-04-04 23:20:36.000000,2023-05-24 00:20:04.310,0.0,114.0,122.0,163,,,0.0,,,,,,,,2023-04-04,22,4,14,Tuesday,4,20,4,310000,6.459709379128137,20.066666666666666,Work Day
140,Easy Run,running,2.7,0.0,2023-04-04 11:12:48,2023-04-04 11:49:05.000000,2023-05-24 00:36:00.474,2.60755317224,133.0,154.0,426,68.0,74.0,4.34412978239918,4.88323148426437,,,,,,,2023-04-04,11,4,14,Tuesday,4,36,0,474000,9.703872437357631,36.0,Work Day
141,Elliptical,elliptical,1.3,0.0,2023-04-04 22:43:43,2023-04-04 22:55:57.000000,2023-05-24 00:12:09.123,0.0,127.0,145.0,133,50.0,56.0,0.0,,,,,,,,2023-04-04,22,4,14,Tuesday,4,12,9,123000,9.366197183098592,12.15,Work Day
143,Delhi - Long Easy Run,running,2.6,0.0,2023-04-05 12:10:55,2023-04-05 12:42:34.000000,2023-05-24 00:31:38.866,2.373035253936,156.0,173.0,406,73.0,78.0,4.49847811253548,4.86309891946602,262.467192,314.9606304,39.1084636934102,-84.6430292911828,39.10714966245,-84.6394724305719,2023-04-05,12,4,14,Wednesday,5,31,38,866000,8.813314037626629,31.633333333333333,Off Day
144,Stair Stepper,stair_climbing,2.5,0.0,2023-04-06 12:54:28,2023-04-06 13:21:09.000000,2023-05-24 00:25:05.938,0.0,136.0,162.0,304,,82.0,0.0,,,,,,,,2023-04-06,12,4,14,Thursday,6,25,5,938000,7.466230045026606,25.083333333333332,Off Day
145,Indoor Cycling,cycling,1.2,0.0,2023-04-06 13:21:56,2023-04-06 13:37:19.000000,2023-05-24 00:15:09.784,0.0,125.0,138.0,157,,,0.0,,,,,,,,2023-04-06,13,4,14,Thursday,6,15,9,784000,5.564087418783225,15.15,Off Day
146,Easy Run,running,3.2,0.0,2023-04-07 11:16:48,2023-04-07 11:58:14.000000,2023-05-24 00:40:00.000,2.7981898564,141.0,162.0,482,66.0,73.0,4.19649204053211,4.9458654192009,,,,,,,2023-04-07,11,4,14,Friday,7,40,0,0,12.05,40.0,Work Day
147,Indoor Cycling,cycling,1.3,0.0,2023-04-08 10:39:11,2023-04-08 11:09:28.000000,2023-05-24 00:30:06.541,0.0,120.0,140.0,268,,,0.0,,,,,,,,2023-04-08,10,4,14,Saturday,8,30,6,541000,6.851299531316574,30.1,Work Day
148,Delhi - Steady State Run,running,3.0,0.0,2023-04-09 13:12:29,2023-04-09 13:37:44.000000,2023-05-24 00:25:01.137,2.052631408368,159.0,170.0,350,73.0,78.0,4.92349608053398,5.67734380693054,193.5695541,216.5354334,39.1082829795778,-84.63812218979,39.1081638727337,-84.6421995665878,2023-04-09,13,4,14,Sunday,9,25,1,137000,12.820512820512821,25.016666666666666,Work Day
149,Stair Stepper,stair_climbing,2.9,0.0,2023-04-10 11:07:33,2023-04-10 11:38:59.000000,2023-05-24 00:30:03.295,0.0,142.0,166.0,380,,74.0,0.0,,,,,,,,2023-04-10,11,4,15,Monday,10,30,3,295000,10.867492850333651,30.05,Work Day
151,Elliptical,elliptical,0.3,0.0,2023-04-11 22:29:59,2023-04-11 22:33:49.000000,2023-05-24 00:02:31.268,0.0,119.0,133.0,24,37.0,51.0,0.0,,,,,,,,2023-04-11,22,4,15,Tuesday,11,2,31,268000,3.4367541766109784,2.5166666666666666,Work Day
150,Delhi - Easy Run,running,2.8,0.0,2023-04-11 11:12:49,2023-04-11 11:52:48.000000,2023-05-24 00:39:46.610,2.877980132192,145.0,172.0,471,68.0,76.0,4.34189274186707,5.07113382240105,423.2283471,308.3989506,39.1086553875357,-84.6429901476949,39.108500238508,-84.6431551873684,2023-04-11,11,4,15,Tuesday,11,39,46,610000,9.432576769025367,39.766666666666666,Work Day
152,Indoor Cycling,cycling,2.1,0.0,2023-04-11 22:34:01,2023-04-11 22:54:16.000000,2023-05-24 00:20:06.569,0.0,135.0,143.0,236,,,0.0,,,,,,,,2023-04-11,22,4,15,Tuesday,11,20,6,569000,7.9774647887323935,20.1,Work Day
153,Delhi - Long Easy Run,running,3.0,0.0,2023-04-12 10:05:36,2023-04-12 11:04:21.000000,2023-05-24 00:58:33.776,4.134622605936,146.0,175.0,671,70.0,78.0,4.23675690346527,4.86309891946602,518.3727042,511.8110244,39.1084907669574,-84.6429726295173,39.1083740908653,-84.6429361682385,2023-04-12,10,4,15,Wednesday,12,58,33,776000,9.386803450687806,58.55,Off Day
154,Delhi - Easy Off Day,running,2.9,0.0,2023-04-13 10:06:49,2023-04-13 10:42:04.000000,2023-05-24 00:35:06.686,2.56415039392,146.0,173.0,422,66.0,78.0,4.38215760480022,5.36417253226662,321.5223102,311.6797905,39.1084286570549,-84.6432946622372,39.108415581286,-84.6429701987654,2023-04-13,10,4,15,Thursday,13,35,6,686000,9.068767908309455,35.1,Off Day
155,Delhi - Easy Run,running,2.6,0.0,2023-04-14 10:58:38,2023-04-14 11:32:49.000000,2023-05-24 00:33:56.628,2.524587689616,144.0,168.0,405,70.0,79.0,4.46268733066654,5.05100125760269,239.5013127,816.9291351,39.1076964139938,-84.6419190242887,39.108526725322,-84.6431292034686,2023-04-14,10,4,15,Friday,14,33,56,628000,9.121621621621621,33.93333333333333,Work Day
156,Delhi - Easy Off Day,running,2.7,0.0,2023-04-15 10:00:39,2023-04-15 10:34:30.000000,2023-05-24 00:33:39.820,2.502516584592,145.0,169.0,401,70.0,78.0,4.46045029013443,5.03086922613144,249.3438324,285.4330713,39.1081812232733,-84.6430304646492,39.1084724105895,-84.6431368310004,2023-04-15,10,4,15,Saturday,15,33,39,820000,8.474815075730891,33.65,Work Day
157,Delhi - Steady State Run,running,2.9,0.0,2023-04-16 10:09:26,2023-04-16 10:45:02.000000,2023-05-24 00:35:00.000,2.595834111408,140.0,175.0,413,68.0,79.0,4.44926562080097,5.25903669386482,219.8162733,236.2204728,39.1086064372212,-84.6430493239313,39.1078662313521,-84.6413317043334,2023-04-16,10,4,15,Sunday,16,35,0,0,11.8,35.0,Work Day
158,Elliptical,elliptical,0.9,0.0,2023-04-17 11:18:44,2023-04-17 11:39:01.000000,2023-05-24 00:20:08.310,0.0,119.0,134.0,177,45.0,52.0,0.0,,,,,,,,2023-04-17,11,4,16,Monday,17,20,8,310000,6.996047430830039,20.133333333333333,Work Day
159,Indoor Cycling,cycling,0.9,0.0,2023-04-17 11:41:21,2023-04-17 12:12:44.000000,2023-05-24 00:30:07.365,0.0,116.0,126.0,235,,,0.0,,,,,,,,2023-04-17,11,4,16,Monday,17,30,7,365000,6.4917127071823195,30.116666666666667,Work Day
160,Delhi - Easy Run,running,2.7,0.0,2023-04-18 10:14:01,2023-04-18 10:48:01.000000,2023-05-24 00:33:38.410,2.514049234064,141.0,167.0,407,71.0,79.0,4.48505693599701,5.07113382240105,475.7217855,242.7821526,39.1083505377173,-84.642456304282,39.1084356140345,-84.6430892217904,2023-04-18,10,4,16,Tuesday,18,33,38,410000,10.057660626029653,33.63333333333333,Work Day
161,Stair Stepper,stair_climbing,2.6,0.0,2023-04-18 22:27:08,2023-04-18 23:07:23.000000,2023-05-24 00:40:03.344,0.0,140.0,154.0,487,28.0,70.0,0.0,,,,,,,,2023-04-18,22,4,16,Tuesday,18,40,3,344000,10.637058609392065,40.05,Work Day
162,Delhi - Long Easy Run,running,3.1,0.2,2023-04-19 11:12:34,2023-04-19 12:12:05.000000,2023-05-24 00:59:11.870,4.284515980512,147.0,172.0,700,70.0,79.0,4.34189274186707,4.92573285440254,675.8530194,721.784778,39.1084567364305,-84.6430297940969,39.1083828918636,-84.642863413319,2023-04-19,11,4,16,Wednesday,19,59,11,870000,9.500113096584483,59.18333333333333,Off Day
163,Treadmill Running,running,2.9,0.0,2023-04-20 11:43:28,2023-04-20 12:14:16.000000,2023-05-24 00:30:14.493,2.080002809728,136.0,159.0,337,65.0,75.0,4.12714698399925,5.09350316106796,,,,,,,2023-04-20,11,4,16,Thursday,20,30,14,493000,8.764629388816644,30.233333333333334,Off Day
164,Easy Run,running,2.6,0.0,2023-04-21 10:58:56,2023-04-21 11:39:50.000000,2023-05-24 00:40:28.708,2.67000097784,133.0,154.0,424,66.0,97.0,3.99293068533421,5.34403996746826,,,,,,,2023-04-21,10,4,16,Friday,21,40,28,708000,8.112244897959183,40.46666666666667,Work Day
165,Indoor Cycling,cycling,2.4,0.0,2023-04-22 10:15:25,2023-04-22 10:45:42.000000,2023-05-24 00:30:04.552,0.0,130.0,166.0,315,,,0.0,,,,,,,,2023-04-22,10,4,16,Saturday,22,30,4,552000,8.022071307300509,30.066666666666666,Work Day
166,Goal Pace Repeats,running,3.3,0.9,2023-04-23 10:39:16,2023-04-23 11:29:13.000000,2023-05-24 00:49:30.838,3.227482791056,139.0,172.0,527,66.0,79.0,4.07122363733196,5.90774804853249,,,,,,,2023-04-23,10,4,16,Sunday,23,49,30,838000,8.303571428571429,49.5,Work Day
167,treadmill 20 + 10,running,3.0,0.0,2023-04-24 10:54:00,2023-04-24 11:34:17.000000,2023-05-24 00:40:06.352,2.774472117696,139.0,157.0,463,68.0,105.0,4.15175309653473,5.17626966080284,,,,,,,2023-04-24,10,4,17,Monday,24,40,6,352000,10.072516316171138,40.1,Work Day
168,Easy Run,running,2.5,0.0,2023-04-25 11:16:22,2023-04-25 11:56:54.000000,2023-05-24 00:40:04.550,2.769998245056,132.0,153.0,423,67.0,105.0,4.14727928213406,4.88323148426437,,,,,,,2023-04-25,11,4,17,Tuesday,25,40,4,550000,8.591740013540962,40.06666666666667,Work Day
169,Indoor Cycling,cycling,2.3,0.0,2023-04-25 22:32:45,2023-04-25 23:08:02.000000,2023-05-24 00:35:04.338,0.0,134.0,149.0,388,,,0.0,,,,,,,,2023-04-25,22,4,17,Tuesday,25,35,4,338000,9.533169533169533,35.06666666666667,Work Day
170,Delhi - Time Trial,running,3.2,0.4,2023-04-26 15:16:14,2023-04-26 15:44:54.000000,2023-05-24 00:28:31.581,2.335429868912,153.0,185.0,372,67.0,101.0,4.97270883893204,7.13806274186707,137.7952758,147.6377955,39.1083864122629,-84.6427644230425,39.1085221990943,-84.6430641599,2023-04-26,15,4,17,Wednesday,26,28,31,581000,9.738219895287957,28.516666666666666,Off Day
171,Treadmill Running,running,2.7,0.0,2023-04-27 11:04:53,2023-04-27 11:40:31.000000,2023-05-24 00:35:05.264,2.419998489232,130.0,158.0,366,66.0,95.0,4.13833165333271,4.96823475786781,,,,,,,2023-04-27,11,4,17,Thursday,27,35,5,264000,9.26973406500633,35.083333333333336,Off Day
172,Delhi Running,running,2.7,0.5,2023-04-27 14:09:25,2023-04-27 14:24:08.000000,2023-05-24 00:14:23.523,1.279018050656,164.0,181.0,211,74.0,82.0,5.33285556479836,6.80475943573189,101.7060369,101.7060369,39.1084828041494,-84.6431017946452,39.1085543856025,-84.643130460754,2023-04-27,14,4,17,Thursday,27,14,23,523000,9.134199134199134,14.383333333333333,Off Day
173,Easy Run,running,2.8,0.0,2023-04-28 10:31:35,2023-04-28 11:14:44.000000,2023-05-24 00:43:00.728,2.65685897696,133.0,165.0,431,66.0,90.0,3.98398305653286,5.32167062880135,,,,,,,2023-04-28,10,4,17,Friday,28,43,0,728000,7.817412333736397,43.0,Work Day
174,Treadmill Running,running,2.9,0.0,2023-04-29 11:06:48,2023-04-29 11:37:18.000000,2023-05-24 00:30:04.701,2.150000275408,135.0,169.0,327,65.0,79.0,4.28820643573189,5.63484190346527,,,,,,,2023-04-29,11,4,17,Saturday,29,30,4,701000,7.832335329341317,30.066666666666666,Work Day
175,Stride Repeats,running,2.7,0.1,2023-04-30 11:26:10,2023-04-30 11:56:43.000000,2023-05-24 00:30:07.698,2.159998138016,130.0,161.0,323,65.0,80.0,4.30162787893391,5.50957350026512,,,,,,,2023-04-30,11,4,17,Sunday,30,30,7,698000,7.736526946107785,30.116666666666667,Work Day
176,Treadmill Running,running,0.7,0.0,2023-04-30 21:40:39,2023-04-30 21:47:14.000000,2023-05-24 00:06:20.484,0.338728082256,112.0,143.0,54,53.0,85.0,3.20552921760082,5.05100125760269,,,,,,,2023-04-30,21,4,17,Sunday,30,6,20,484000,3.7500000000000004,6.333333333333333,Work Day
177,Indoor Cycling,cycling,2.2,0.0,2023-04-30 21:48:39,2023-04-30 22:08:55.000000,2023-05-24 00:20:06.840,0.0,137.0,156.0,237,,,0.0,,,,,,,,2023-04-30,21,4,17,Sunday,30,20,6,840000,6.9501466275659824,20.1,Work Day
178,Stair Stepper,stair_climbing,2.9,0.0,2023-05-01 10:52:45,2023-05-01 11:25:06.000000,2023-05-24 00:32:01.871,0.0,140.0,161.0,393,3.0,78.0,0.0,,,,,,,,2023-05-01,10,5,18,Monday,1,32,1,871000,8.445558739255015,32.016666666666666,Work Day
179,Easy Run,running,2.6,0.0,2023-05-02 11:28:45,2023-05-02 12:09:06.000000,2023-05-24 00:40:04.646,2.976722229584,132.0,156.0,421,67.0,75.0,4.45597647573376,5.09350316106796,,,,,,,2023-05-02,11,5,18,Tuesday,2,40,4,646000,8.281967213114754,40.06666666666667,Work Day
180,Time Trial,running,2.8,0.5,2023-05-03 11:57:35,2023-05-03 12:29:26.000000,2023-05-24 00:31:33.970,2.07084379824,131.0,181.0,299,61.0,120.0,3.93700733866692,5.76011030666542,,,,,,,2023-05-03,11,5,18,Wednesday,3,31,33,970000,6.266154383513796,31.55,Off Day
181,Delhi Running,running,2.1,0.0,2023-05-03 15:33:02,2023-05-03 15:52:06.000000,2023-05-24 00:18:49.310,1.314274652544,145.0,170.0,211,63.0,77.0,4.18978118559933,5.67734380693054,118.1102364,111.5485566,39.1083974763751,-84.6428659278899,39.1084497794509,-84.6430105995387,2023-05-03,15,5,18,Wednesday,3,18,49,310000,8.797776233495483,18.816666666666666,Off Day
182,Delhi Running,running,2.7,0.0,2023-05-04 11:20:03,2023-05-04 11:52:09.000000,2023-05-24 00:31:28.995,2.38805379584,137.0,164.0,369,69.0,79.0,4.55216495199776,5.65721124213219,147.6377955,157.4803152,39.1084872465581,-84.643109254539,39.1085325926542,-84.6431480627507,2023-05-04,11,5,18,Thursday,4,31,28,995000,7.679500520291364,31.466666666666665,Off Day
183,Easy Run,running,2.8,0.0,2023-05-05 11:19:11,2023-05-05 11:59:35.000000,2023-05-24 00:40:03.537,2.780002321376,133.0,157.0,436,65.0,76.0,4.16293776586819,5.07113382240105,,,,,,,2023-05-05,11,5,18,Friday,5,40,3,537000,8.89795918367347,40.05,Work Day
184,Treadmill Running,running,2.4,0.0,2023-05-06 10:38:20,2023-05-06 10:59:38.000000,2023-05-24 00:20:27.489,1.500002504224,137.0,159.0,247,70.0,76.0,4.48058285493279,5.05100125760269,,,,,,,2023-05-06,10,5,18,Saturday,6,20,27,489000,8.636363636363637,20.45,Work Day
185,Indoor Cycling,cycling,0.5,0.0,2023-05-06 11:02:14,2023-05-06 11:12:28.000000,2023-05-24 00:10:02.823,0.0,117.0,127.0,90,,,0.0,,,,,,,,2023-05-06,11,5,18,Saturday,6,10,2,823000,3.789473684210526,10.033333333333333,Work Day
186,Treadmill Running,running,3.4,0.0,2023-05-07 11:11:22,2023-05-07 12:01:50.000000,2023-05-24 00:50:00.511,3.89000119192,144.0,169.0,613,69.0,78.0,4.6662484192009,5.40667443573189,,,,,,,2023-05-07,11,5,18,Sunday,7,50,0,511000,10.47564796354315,50.0,Work Day
187,Delhi - Hill Repeats,running,2.6,0.6,2023-05-08 10:45:07,2023-05-08 11:16:52.000000,2023-05-24 00:31:34.411,2.245007931888,138.0,174.0,358,64.0,115.0,4.27702149973488,6.61685656426811,196.850394,196.850394,39.1084802057594,-84.6429650858045,39.1085517033935,-84.6430954243988,2023-05-08,10,5,19,Monday,8,31,34,411000,9.31887201735358,31.566666666666666,Work Day
188,Delhi - Easy Run,running,2.8,0.1,2023-05-09 09:32:33,2023-05-09 09:59:59.000000,2023-05-24 00:27:11.939,2.042906949088,140.0,172.0,323,63.0,81.0,4.50742627466393,6.51172072586632,141.0761157,147.6377955,39.108413066715,-84.6430315542966,39.1086135618389,-84.6429750602692,2023-05-09,9,5,19,Tuesday,9,27,11,939000,7.5408560311284045,27.183333333333334,Work Day
189,Delhi Running,running,2.8,0.0,2023-05-11 11:32:41,2023-05-11 12:02:24.000000,2023-05-24 00:27:53.652,2.148341214304,144.0,172.0,346,68.0,79.0,4.62150974186707,5.78247964533234,131.233596,134.5144359,39.108481798321,-84.6431654971093,39.1084539704025,-84.6431129425764,2023-05-11,11,5,19,Thursday,11,27,53,652000,8.929032258064517,27.883333333333333,Off Day
190,Easy Run,running,3.0,0.0,2023-05-12 15:36:35,2023-05-12 16:16:47.000000,2023-05-24 00:40:01.016,2.84274217144,140.0,164.0,464,66.0,105.0,4.26136301600075,5.73997774186707,,,,,,,2023-05-12,15,5,19,Friday,12,40,1,16000,11.51841125362019,40.016666666666666,Work Day
191,Treadmill Running,running,2.3,0.0,2023-05-13 22:54:13,2023-05-13 23:14:41.000000,2023-05-24 00:20:04.380,1.270001954544,134.0,155.0,231,64.0,73.0,3.79608045173264,5.00849988746452,,,,,,,2023-05-13,22,5,19,Saturday,13,20,4,380000,8.75,20.066666666666666,Work Day
192,Delhi - Goal Pace Repeats,running,2.7,0.0,2023-05-14 12:12:54,2023-05-14 12:57:00.000000,2023-05-24 00:43:56.885,3.218839517664,139.0,164.0,507,66.0,80.0,4.39557931466579,6.05314901653099,236.2204728,232.9396329,39.108523959294,-84.643035326153,39.1084735840559,-84.6430661715567,2023-05-14,12,5,19,Sunday,14,43,56,885000,8.63959102527691,43.93333333333333,Work Day
193,Treadmill Running,running,2.6,0.0,2023-05-15 10:49:04,2023-05-15 11:19:39.000000,2023-05-24 00:30:00.600,2.099998534944,131.0,154.0,323,66.0,82.0,4.19872881440067,4.73783051626587,,,,,,,2023-05-15,10,5,20,Monday,15,30,0,600000,8.075,30.0,Work Day
194,Indoor Rowing,indoor_rowing,1.0,0.0,2023-05-15 11:23:27,2023-05-15 11:33:45.000000,2023-05-24 00:10:03.034,0.0,127.0,136.0,109,26.0,29.0,0.0,,,,,,,,2023-05-15,11,5,20,Monday,15,10,3,34000,10.266875981161695,10.05,Work Day
195,Easy Run,running,2.5,0.0,2023-05-16 10:52:08,2023-05-16 11:32:30.000000,2023-05-24 00:40:01.303,2.720002718304,130.0,150.0,420,67.0,105.0,4.0779342256012,5.23890412906647,,,,,,,2023-05-16,10,5,20,Tuesday,16,40,1,303000,9.319526627218936,40.016666666666666,Work Day
196,Delhi - Long Easy Run,running,3.0,0.0,2023-05-17 11:27:47,2023-05-17 12:40:12.000000,2023-05-24 01:12:13.933,5.103514290672,140.0,168.0,804,70.0,97.0,4.33070807253361,5.11363572586632,423.2283471,439.6325466,39.1084469296038,-84.6430435404181,39.1084423195571,-84.6430010441691,2023-05-17,11,5,20,Wednesday,17,12,13,933000,9.160653247246486,72.21666666666667,Off Day
197,Delhi - Easy Run,running,2.6,0.0,2023-05-19 09:12:30,2023-05-19 09:50:16.000000,2023-05-24 00:37:33.871,2.773602198016,140.0,168.0,437,71.0,80.0,4.42913332266617,6.53409006453323,180.4461945,187.0078743,39.1085893381387,-84.6431027166545,39.1084848158062,-84.6431472245604,2023-05-19,9,5,20,Friday,19,37,33,871000,8.393085787451986,37.55,Work Day
198,Delhi - Uphill repeats (x8),running,2.6,1.3,2023-05-20 10:50:42,2023-05-20 11:24:09.000000,2023-05-24 00:33:18.671,2.287745843024,131.0,176.0,353,61.0,88.0,4.12043612906647,8.34824540373039,265.7480319,259.1863521,39.1083328519017,-84.6426961105317,39.1061789542437,-84.6397067047656,2023-05-20,10,5,20,Saturday,20,33,18,671000,7.93555638816036,33.3,Work Day
199,Delhi - Uphill repeats (x8),running,2.4,0.4,2023-05-20 11:24:30,2023-05-20 11:47:14.000000,2023-05-24 00:22:33.532,1.601758251936,145.0,175.0,260,63.0,89.0,4.25912624213219,8.34824540373039,170.6036748,167.3228349,39.1058344580233,-84.6397424116731,39.1084406431764,-84.6430307999253,2023-05-20,11,5,20,Saturday,20,22,33,532000,8.275862068965518,22.55,Work Day
200,Delhi - Goal Pace Repeats,running,3.3,1.5,2023-05-21 11:19:28,2023-05-21 12:31:22.000000,2023-05-24 01:11:19.424,5.353585130112,141.0,177.0,834,68.0,107.0,4.5029521935997,6.97029243520165,380.5774284,383.8582683,39.1085083689541,-84.6430065762252,39.1084951255471,-84.6431732084602,2023-05-21,11,5,20,Sunday,21,11,19,424000,10.640017010418882,71.31666666666666,Work Day
201,Delhi Running,running,2.6,0.0,2023-05-22 11:17:10,2023-05-22 12:01:29.000000,2023-05-24 00:44:08.532,3.136719099872,141.0,166.0,483,69.0,78.0,4.26360005653286,4.98836732266617,246.0629925,252.6246723,39.1084874141961,-84.6433768887073,39.1084330156446,-84.6430373378098,2023-05-22,11,5,21,Monday,22,44,8,532000,9.11320754716981,44.13333333333333,Work Day
202,Delhi - Easy Run,running,2.5,0.0,2023-05-23 10:48:05,2023-05-23 11:30:49.000000,2023-05-24 00:41:59.788,2.978120314784,136.0,166.0,451,67.0,104.0,4.25465216106796,5.30153806400299,223.0971132,226.3779531,39.1085396334529,-84.6430449653417,39.1084947902709,-84.6431512478739,2023-05-23,10,5,21,Tuesday,23,41,59,788000,8.182642878742062,41.983333333333334,Work Day
203,Delhi - Long Easy Run,running,3.0,0.0,2023-05-24 12:34:05,2023-05-24 13:44:18.000000,2023-05-24 01:10:02.986,4.906527192848,140.0,172.0,752,68.0,80.0,4.20320262880135,4.90560082293129,410.1049875,416.6666673,39.1085387952626,-84.6430364996195,39.108405103907,-84.6429826039821,2023-05-24,12,5,21,Wednesday,24,10,2,986000,8.696993060909792,70.03333333333333,Off Day
