day,hr_avg,hr_min,hr_max,rhr,inactive_hr,weight,intensity_time,moderate_activity_time,vigorous_activity_time,steps,steps_goal_percent,floors,floors_goal_percent,sleep_avg,rem_sleep_avg,stress_avg,calories_avg,calories_bmr_avg,calories_active_avg,calories_consumed_avg,calories_goal,activities,activities_calories,activities_distance,hydration_goal,hydration_avg,sweat_loss_avg,spo2_avg,spo2_min,rr_waking_avg,rr_max,rr_min,bb_max,bb_min
2023-04-21,64.9,41.0,151.0,,64.4,,00:00:00.000000,00:00:00.000000,00:00:00.000000,4398,,8.7,,00:00:00.000000,00:00:00.000000,21.0,,,996.0,,,1,424.0,2.7,,,,,,,,,,
2023-04-20,79.3,46.0,157.0,49.0,78.7,,00:41:00.000000,00:01:00.000000,00:20:00.000000,8778,58.0,7.3,73.0,05:31:00.000000,00:53:00.000000,34.0,3369.0,2572.0,797.0,0.0,2659.0,1,337.0,2.1,100.0,0.0,17.0,,,13.0,23.0,10.0,87.0,5.0
2023-04-19,78.7,43.0,171.0,47.0,66.6,237.2,01:52:00.000000,00:10:00.000000,00:51:00.000000,17652,123.0,0.0,0.0,06:48:00.000000,01:00:00.000000,40.0,3833.0,2572.0,1261.0,0.0,2659.0,1,700.0,4.3,100.0,0.0,17.0,,,14.0,21.0,11.0,58.0,5.0
2023-04-18,75.9,43.0,165.0,45.0,59.1,238.8,02:14:00.000000,00:18:00.000000,00:58:00.000000,17699,127.0,0.0,0.0,08:44:00.000000,00:34:00.000000,27.0,4016.0,2581.0,1435.0,,2659.0,2,894.0,2.5,100.0,0.0,15.0,,,13.0,20.0,11.0,82.0,5.0
2023-04-17,73.1,43.0,126.0,46.0,60.7,237.8,00:49:00.000000,00:49:00.000000,00:00:00.000000,12125,84.0,0.0,0.0,07:51:00.000000,01:06:00.000000,32.0,3254.0,2576.0,678.0,1267.0,2659.0,2,412.0,0.0,100.0,0.0,11.0,,,13.0,21.0,10.0,77.0,5.0
2023-04-16,72.4,42.0,170.0,43.0,68.4,236.4,01:01:00.000000,00:11:00.000000,00:25:00.000000,12463,85.0,0.0,0.0,07:22:00.000000,01:06:00.000000,27.0,3270.0,2568.0,702.0,0.0,2659.0,1,413.0,2.6,100.0,0.0,11.0,,,15.0,23.0,10.0,73.0,5.0
2023-04-15,80.7,46.0,167.0,47.0,67.9,236.8,01:05:00.000000,00:09:00.000000,00:28:00.000000,17914,130.0,0.0,0.0,04:58:00.000000,01:02:00.000000,35.0,3514.0,2570.0,944.0,0.0,2659.0,1,401.0,2.5,100.0,0.0,10.0,,,14.0,24.0,10.0,53.0,5.0
2023-04-14,81.1,43.0,166.0,50.0,62.9,238.6,01:01:00.000000,00:09:00.000000,00:26:00.000000,16108,122.0,0.0,0.0,06:40:00.000000,01:25:00.000000,34.0,3854.0,2580.0,1274.0,0.0,2659.0,1,405.0,2.5,100.0,0.0,11.0,,,14.0,23.0,11.0,59.0,5.0
2023-04-13,85.2,46.0,168.0,49.0,62.7,238.6,02:25:00.000000,01:03:00.000000,00:41:00.000000,18032,143.0,0.0,0.0,06:47:00.000000,01:40:00.000000,41.0,4217.0,2580.0,1637.0,2230.0,2659.0,1,422.0,2.6,100.0,0.0,10.0,,,14.0,21.0,11.0,59.0,5.0
2023-04-12,75.3,46.0,173.0,49.0,60.4,237.4,01:39:00.000000,00:17:00.000000,00:41:00.000000,11667,91.0,0.0,0.0,07:31:00.000000,00:32:00.000000,38.0,3391.0,2574.0,817.0,1370.0,2659.0,1,671.0,4.1,100.0,0.0,14.0,,,13.0,21.0,11.0,59.0,5.0
2023-04-11,79.2,44.0,168.0,46.0,61.9,237.0,01:58:00.000000,00:10:00.000000,00:54:00.000000,17991,158.0,0.0,0.0,09:45:00.000000,00:54:00.000000,30.0,4173.0,2571.0,1602.0,,2274.0,3,731.0,2.9,100.0,0.0,18.0,,,13.0,22.0,9.0,79.0,5.0
2023-04-10,76.0,43.0,164.0,46.0,60.4,236.4,00:56:00.000000,00:08:00.000000,00:24:00.000000,12211,108.0,0.0,0.0,05:03:00.000000,00:42:00.000000,30.0,3731.0,2568.0,1163.0,0.0,2274.0,1,380.0,0.0,100.0,0.0,6.0,,,14.0,21.0,10.0,80.0,5.0
2023-04-09,69.3,44.0,168.0,46.0,56.6,238.6,01:02:00.000000,00:12:00.000000,00:25:00.000000,10688,93.0,0.0,0.0,07:15:00.000000,01:21:00.000000,21.0,3362.0,2580.0,782.0,0.0,2274.0,1,350.0,2.1,100.0,0.0,9.0,,,14.0,22.0,6.0,91.0,5.0
2023-04-08,76.4,47.0,137.0,50.0,68.7,240.2,00:35:00.000000,00:27:00.000000,00:04:00.000000,11231,98.0,0.0,0.0,08:38:00.000000,01:47:00.000000,36.0,3327.0,2590.0,737.0,0.0,2274.0,1,268.0,0.0,100.0,0.0,6.0,,,13.0,25.0,11.0,54.0,5.0
2023-04-07,80.4,44.0,159.0,47.0,56.1,241.2,01:04:00.000000,00:04:00.000000,00:30:00.000000,19305,183.0,0.0,0.0,08:32:00.000000,02:01:00.000000,30.0,4308.0,2594.0,1714.0,0.0,2274.0,1,482.0,2.8,100.0,0.0,8.0,,,13.0,19.0,9.0,98.0,5.0
2023-04-06,68.4,44.0,160.0,48.0,61.1,243.5,01:05:00.000000,00:19:00.000000,00:23:00.000000,3038,24.0,0.0,0.0,05:37:00.000000,00:59:00.000000,31.0,3166.0,2608.0,558.0,,2274.0,2,461.0,0.0,100.0,0.0,8.0,,,14.0,23.0,9.0,69.0,11.0
2023-04-05,70.6,42.0,171.0,46.0,63.4,,01:10:00.000000,00:08:00.000000,00:31:00.000000,8399,65.0,0.0,0.0,04:07:00.000000,01:05:00.000000,33.0,3202.0,2614.0,588.0,2545.0,2274.0,1,406.0,2.4,100.0,0.0,13.0,,,14.0,23.0,11.0,66.0,5.0
2023-04-04,77.5,44.0,152.0,46.0,65.6,244.8,01:39:00.000000,00:29:00.000000,00:35:00.000000,18279,159.0,0.0,0.0,09:54:00.000000,00:50:00.000000,30.0,4078.0,2614.0,1464.0,1353.0,2274.0,3,722.0,2.6,100.0,0.0,14.0,,,13.0,24.0,11.0,88.0,6.0
2023-04-03,73.8,43.0,166.0,45.0,60.5,,01:02:00.000000,00:06:00.000000,00:28:00.000000,13690,121.0,0.0,0.0,09:02:00.000000,02:00:00.000000,29.0,3473.0,2620.0,853.0,0.0,2274.0,1,443.0,2.6,100.0,0.0,10.0,,,14.0,26.0,12.0,98.0,14.0
2023-04-02,69.8,44.0,107.0,46.0,61.3,245.8,00:00:00.000000,00:00:00.000000,00:00:00.000000,9722,85.0,0.0,0.0,08:40:00.000000,00:39:00.000000,28.0,3028.0,2620.0,408.0,0.0,2274.0,,,,100.0,,,,,13.0,23.0,10.0,75.0,5.0
2023-04-01,76.8,47.0,161.0,48.0,59.9,246.0,01:09:00.000000,00:13:00.000000,00:28:00.000000,13059,119.0,0.0,0.0,08:55:00.000000,00:44:00.000000,32.0,3635.0,2621.0,1014.0,,2274.0,2,455.0,0.7,100.0,0.0,8.0,,,13.0,26.0,10.0,70.0,5.0
2023-03-31,77.3,45.0,165.0,47.0,60.4,,01:05:00.000000,00:05:00.000000,00:30:00.000000,15244,153.0,0.0,0.0,09:36:00.000000,01:35:00.000000,33.0,3846.0,2613.0,1233.0,510.0,2274.0,1,398.0,0.0,100.0,0.0,6.0,,,13.0,27.0,10.0,83.0,5.0
2023-03-30,71.4,45.0,175.0,49.0,63.2,,01:13:00.000000,00:09:00.000000,00:32:00.000000,12346,128.0,0.0,0.0,09:20:00.000000,01:31:00.000000,33.0,3336.0,2613.0,723.0,,2274.0,2,501.0,1.4,100.0,0.0,7.0,,,14.0,24.0,9.0,69.0,5.0
2023-03-29,70.4,52.0,155.0,51.0,69.7,244.6,01:01:00.000000,00:01:00.000000,00:30:00.000000,6450,64.0,0.0,0.0,07:41:00.000000,00:58:00.000000,36.0,3065.0,2613.0,452.0,2410.0,2274.0,1,452.0,2.5,100.0,0.0,7.0,,,14.0,24.0,10.0,46.0,5.0
2023-03-28,71.5,45.0,168.0,48.0,63.4,243.4,01:46:00.000000,00:02:00.000000,00:52:00.000000,13016,135.0,0.0,0.0,08:46:00.000000,01:59:00.000000,31.0,3555.0,2607.0,948.0,0.0,2274.0,2,689.0,2.2,100.0,0.0,11.0,,,13.0,22.0,10.0,72.0,9.0
2023-03-27,72.5,46.0,168.0,48.0,57.4,242.4,00:49:00.000000,00:13:00.000000,00:18:00.000000,9145,93.0,0.0,0.0,07:49:00.000000,00:48:00.000000,31.0,3221.0,2602.0,619.0,0.0,2274.0,1,319.0,0.0,100.0,0.0,6.0,,,13.0,24.0,10.0,74.0,9.0
2023-03-26,71.0,42.0,115.0,43.0,59.3,242.6,00:00:00.000000,00:00:00.000000,00:00:00.000000,9096,91.0,0.0,0.0,07:39:00.000000,01:10:00.000000,29.0,3232.0,2602.0,630.0,0.0,2274.0,,,,100.0,,,,,13.0,24.0,11.0,95.0,10.0
2023-03-25,71.7,46.0,162.0,47.0,61.0,243.8,00:59:00.000000,00:03:00.000000,00:28:00.000000,8169,80.0,0.0,0.0,06:16:00.000000,00:15:00.000000,34.0,3188.0,2609.0,579.0,0.0,2820.0,1,431.0,2.3,100.0,0.0,6.0,,,13.0,24.0,10.0,66.0,5.0
2023-03-24,76.6,46.0,125.0,48.0,63.3,,00:23:00.000000,00:23:00.000000,00:00:00.000000,11707,118.0,0.0,0.0,08:13:00.000000,01:16:00.000000,33.0,3399.0,2613.0,786.0,,2820.0,2,191.0,0.0,100.0,0.0,5.0,,,13.0,23.0,11.0,76.0,5.0
2023-03-23,66.6,44.0,105.0,47.0,57.0,,00:00:00.000000,00:00:00.000000,00:00:00.000000,4963,44.0,0.0,0.0,07:42:00.000000,01:05:00.000000,31.0,2737.0,2613.0,124.0,0.0,2820.0,,,,100.0,,,,,13.0,23.0,11.0,81.0,5.0
2023-03-22,68.3,35.0,177.0,46.0,66.1,244.4,01:22:00.000000,00:12:00.000000,00:35:00.000000,7929,69.0,0.0,0.0,07:58:00.000000,02:01:00.000000,24.0,3354.0,2613.0,741.0,,2820.0,4,558.0,1.7,100.0,0.0,9.0,,,15.0,24.0,11.0,62.0,6.0
2023-03-21,72.4,46.0,169.0,48.0,60.8,243.6,00:45:00.000000,00:03:00.000000,00:21:00.000000,13393,118.0,0.0,0.0,08:01:00.000000,00:56:00.000000,28.0,3601.0,2608.0,993.0,0.0,2820.0,1,295.0,1.7,100.0,0.0,5.0,,,13.0,24.0,9.0,88.0,9.0
2023-03-20,59.3,45.0,91.0,47.0,61.3,242.0,00:00:00.000000,00:00:00.000000,00:00:00.000000,505,4.0,0.0,0.0,09:46:00.000000,02:23:00.000000,20.0,2602.0,2599.0,3.0,0.0,2820.0,,,,100.0,,,90.0,85.0,13.0,24.0,11.0,88.0,11.0
2023-03-19,73.0,46.0,166.0,48.0,60.3,240.0,01:02:00.000000,00:02:00.000000,00:30:00.000000,14558,139.0,0.0,0.0,08:00:00.000000,00:34:00.000000,22.0,3357.0,2588.0,769.0,0.0,2820.0,1,471.0,2.7,100.0,0.0,7.0,93.0,85.0,13.0,25.0,9.0,68.0,5.0
2023-03-18,76.2,45.0,146.0,48.0,61.5,244.4,00:23:00.000000,00:17:00.000000,00:03:00.000000,11918,118.0,0.0,0.0,05:43:00.000000,00:27:00.000000,27.0,3631.0,2613.0,1018.0,0.0,2820.0,1,172.0,0.0,100.0,0.0,4.0,92.0,73.0,15.0,26.0,10.0,80.0,5.0
2023-03-17,88.4,57.0,117.0,52.0,65.5,,00:00:00.000000,00:00:00.000000,00:00:00.000000,10182,101.0,0.0,0.0,00:00:00.000000,00:00:00.000000,50.0,3436.0,2626.0,810.0,0.0,2820.0,,,,100.0,,,,,13.0,15.0,10.0,66.0,8.0
2023-03-16,63.9,40.0,154.0,45.0,59.4,,01:08:00.000000,00:02:00.000000,00:33:00.000000,7915,74.0,0.0,0.0,09:12:00.000000,01:06:00.000000,23.0,3136.0,2626.0,510.0,0.0,2820.0,1,476.0,2.7,100.0,0.0,7.0,91.0,80.0,14.0,28.0,11.0,89.0,29.0
2023-03-15,60.5,43.0,97.0,49.0,57.8,,00:00:00.000000,00:00:00.000000,00:00:00.000000,2529,22.0,0.0,0.0,04:14:00.000000,00:34:00.000000,23.0,2669.0,2626.0,43.0,0.0,2820.0,,,,100.0,,,,,15.0,26.0,11.0,85.0,16.0
2023-03-14,68.3,42.0,160.0,44.0,53.1,247.0,00:49:00.000000,00:01:00.000000,00:24:00.000000,14220,127.0,0.0,0.0,09:47:00.000000,01:43:00.000000,22.0,3399.0,2626.0,773.0,0.0,2820.0,1,383.0,2.2,100.0,0.0,6.0,94.0,87.0,13.0,24.0,10.0,100.0,16.0
2023-03-13,71.3,38.0,104.0,52.0,63.2,,00:04:00.000000,00:00:00.000000,00:02:00.000000,10392,92.0,0.0,0.0,05:38:00.000000,00:30:00.000000,35.0,2946.0,2627.0,319.0,0.0,2820.0,,,,100.0,,,93.0,85.0,14.0,25.0,10.0,54.0,5.0
2023-03-12,72.1,43.0,166.0,47.0,58.5,,01:12:00.000000,00:08:00.000000,00:32:00.000000,13386,125.0,0.0,0.0,04:03:00.000000,00:31:00.000000,26.0,3327.0,2517.0,810.0,0.0,2820.0,1,478.0,2.7,100.0,0.0,7.0,92.0,83.0,15.0,25.0,10.0,88.0,5.0
2023-03-11,73.1,43.0,108.0,49.0,62.7,,00:00:00.000000,00:00:00.000000,00:00:00.000000,10893,101.0,0.0,0.0,09:24:00.000000,02:11:00.000000,31.0,3643.0,2627.0,1016.0,0.0,2820.0,1,449.0,0.0,100.0,,,93.0,82.0,14.0,22.0,12.0,48.0,5.0
2023-03-10,77.5,47.0,163.0,48.0,61.6,247.2,00:50:00.000000,00:02:00.000000,00:24:00.000000,14290,138.0,0.0,0.0,09:26:00.000000,01:25:00.000000,37.0,3766.0,2627.0,1139.0,0.0,2820.0,1,392.0,2.2,100.0,0.0,6.0,91.0,79.0,13.0,25.0,10.0,70.0,5.0
2023-03-09,69.7,45.0,167.0,48.0,61.1,,01:18:00.000000,00:08:00.000000,00:35:00.000000,8561,79.0,0.0,0.0,08:47:00.000000,01:43:00.000000,34.0,3274.0,2624.0,650.0,,2820.0,2,612.0,3.3,100.0,0.0,9.0,92.0,82.0,14.0,24.0,10.0,89.0,17.0
2023-03-08,68.1,41.0,182.0,46.0,62.0,246.5,02:03:00.000000,00:05:00.000000,00:59:00.000000,10335,95.0,0.0,0.0,06:07:00.000000,00:39:00.000000,25.0,3498.0,2624.0,874.0,1925.0,2820.0,1,814.0,4.4,100.0,0.0,11.0,93.0,81.0,14.0,24.0,11.0,99.0,5.0
2023-03-07,73.6,44.0,174.0,50.0,63.8,245.8,00:43:00.000000,00:03:00.000000,00:20:00.000000,12483,117.0,0.0,0.0,08:22:00.000000,01:45:00.000000,29.0,3591.0,2620.0,971.0,2487.0,2820.0,1,304.0,1.8,100.0,0.0,5.0,93.0,81.0,14.0,20.0,11.0,72.0,6.0
2023-03-06,75.0,44.0,152.0,45.0,55.5,,00:55:00.000000,00:21:00.000000,00:17:00.000000,9208,85.0,0.0,0.0,10:12:00.000000,01:18:00.000000,26.0,3618.0,2631.0,987.0,1347.0,2820.0,2,380.0,0.0,100.0,0.0,7.0,,,13.0,25.0,9.0,97.0,5.0
2023-03-05,78.0,51.0,168.0,52.0,66.7,,00:55:00.000000,00:05:00.000000,00:25:00.000000,12238,118.0,0.0,0.0,04:23:00.000000,00:39:00.000000,37.0,3498.0,2631.0,867.0,0.0,2820.0,1,387.0,2.3,100.0,0.0,9.0,90.0,81.0,14.0,23.0,11.0,30.0,5.0
2023-03-04,78.9,48.0,132.0,52.0,62.0,247.8,00:37:00.000000,00:37:00.000000,00:00:00.000000,10926,107.0,0.0,0.0,09:16:00.000000,01:14:00.000000,36.0,3838.0,2631.0,1207.0,,2820.0,2,355.0,0.0,100.0,0.0,8.0,90.0,73.0,14.0,26.0,10.0,55.0,5.0
2023-03-03,78.9,46.0,171.0,47.0,65.1,,00:41:00.000000,00:01:00.000000,00:20:00.000000,13510,137.0,0.0,0.0,06:40:00.000000,01:14:00.000000,35.0,3964.0,2620.0,1344.0,0.0,2820.0,1,323.0,1.7,100.0,0.0,5.0,94.0,84.0,14.0,22.0,10.0,90.0,5.0
2023-03-02,63.7,48.0,99.0,50.0,64.8,,00:00:00.000000,00:00:00.000000,00:00:00.000000,3068,26.0,0.0,0.0,07:18:00.000000,01:44:00.000000,25.0,2679.0,2620.0,59.0,0.0,2820.0,,,,100.0,,,94.0,82.0,13.0,23.0,10.0,61.0,5.0
2023-03-01,72.7,44.0,176.0,48.0,61.6,,01:11:00.000000,00:03:00.000000,00:34:00.000000,8711,73.0,0.0,0.0,07:14:00.000000,01:13:00.000000,37.0,3315.0,2620.0,695.0,0.0,2820.0,1,529.0,3.1,100.0,0.0,13.0,92.0,83.0,14.0,25.0,10.0,74.0,5.0
2023-02-28,76.2,41.0,165.0,46.0,60.7,,00:55:00.000000,00:07:00.000000,00:24:00.000000,13860,122.0,0.0,0.0,08:59:00.000000,01:40:00.000000,31.0,3717.0,2620.0,1097.0,,2820.0,2,385.0,2.1,100.0,0.0,5.0,93.0,85.0,14.0,22.0,10.0,84.0,9.0
2023-02-27,71.6,39.0,166.0,47.0,56.7,245.8,00:50:00.000000,00:02:00.000000,00:24:00.000000,11504,102.0,0.0,0.0,09:41:00.000000,01:21:00.000000,20.0,3272.0,2620.0,652.0,0.0,2820.0,1,382.0,2.2,100.0,0.0,7.0,93.0,82.0,13.0,24.0,11.0,94.0,5.0
2023-02-26,78.1,54.0,106.0,53.0,70.4,,00:00:00.000000,00:00:00.000000,00:00:00.000000,12775,117.0,0.0,0.0,03:58:00.000000,00:30:00.000000,44.0,3299.0,2637.0,662.0,0.0,2820.0,,,,100.0,,,94.0,87.0,15.0,23.0,12.0,19.0,5.0
2023-02-25,74.7,43.0,169.0,46.0,58.3,249.0,00:43:00.000000,00:03:00.000000,00:20:00.000000,14835,142.0,0.0,0.0,08:28:00.000000,02:02:00.000000,28.0,3730.0,2637.0,1093.0,0.0,2820.0,1,308.0,1.8,100.0,0.0,6.0,92.0,79.0,13.0,24.0,11.0,89.0,7.0
2023-02-24,72.8,43.0,113.0,48.0,62.0,,00:00:00.000000,00:00:00.000000,00:00:00.000000,10191,97.0,0.0,0.0,08:29:00.000000,01:23:00.000000,29.0,3240.0,2623.0,617.0,0.0,2820.0,,,,100.0,,,89.0,79.0,13.0,22.0,10.0,78.0,10.0
2023-02-23,71.2,45.0,165.0,49.0,61.3,,01:14:00.000000,00:20:00.000000,00:27:00.000000,9610,89.0,0.0,0.0,08:08:00.000000,01:54:00.000000,34.0,3236.0,2623.0,613.0,0.0,2820.0,1,535.0,3.2,100.0,0.0,16.0,,,14.0,24.0,11.0,71.0,12.0
2023-02-22,68.7,44.0,166.0,50.0,64.1,,00:58:00.000000,00:02:00.000000,00:28:00.000000,6583,56.0,0.0,0.0,07:03:00.000000,00:44:00.000000,32.0,3068.0,2623.0,445.0,0.0,2820.0,1,393.0,2.3,100.0,0.0,6.0,,,14.0,21.0,10.0,84.0,15.0
2023-02-21,70.9,47.0,177.0,51.0,61.9,,01:28:00.000000,00:12:00.000000,00:38:00.000000,9142,76.0,0.0,0.0,08:16:00.000000,00:58:00.000000,30.0,3317.0,2623.0,694.0,,2820.0,3,595.0,3.4,100.0,0.0,12.0,,,13.0,21.0,9.0,69.0,5.0
2023-02-20,76.5,49.0,167.0,52.0,63.0,246.2,01:02:00.000000,00:02:00.000000,00:30:00.000000,14628,128.0,0.0,0.0,07:47:00.000000,01:48:00.000000,30.0,3523.0,2623.0,900.0,0.0,2820.0,1,413.0,2.4,100.0,0.0,9.0,,,13.0,22.0,10.0,57.0,5.0
2023-02-19,76.4,44.0,171.0,50.0,61.7,248.0,00:52:00.000000,00:04:00.000000,00:24:00.000000,12242,109.0,0.0,0.0,08:20:00.000000,01:16:00.000000,32.0,3607.0,2632.0,975.0,0.0,2820.0,1,378.0,2.2,100.0,0.0,8.0,,,13.0,22.0,10.0,70.0,5.0
2023-02-18,78.6,46.0,157.0,50.0,63.3,248.2,00:55:00.000000,00:29:00.000000,00:13:00.000000,14120,135.0,0.0,0.0,07:40:00.000000,01:46:00.000000,35.0,3812.0,2633.0,1179.0,,2820.0,3,414.0,1.0,100.0,0.0,8.0,,,13.0,21.0,10.0,54.0,5.0
2023-02-17,82.1,42.0,169.0,46.0,58.5,250.0,01:28:00.000000,00:32:00.000000,00:28:00.000000,16879,174.0,0.0,0.0,06:38:00.000000,01:09:00.000000,30.0,4721.0,2662.0,2059.0,260.0,2820.0,3,682.0,2.1,100.0,0.0,12.0,,,14.0,25.0,9.0,97.0,5.0
2023-02-16,67.0,37.0,142.0,50.0,61.4,,00:30:00.000000,00:14:00.000000,00:08:00.000000,3257,28.0,0.0,0.0,09:05:00.000000,00:54:00.000000,30.0,3007.0,2662.0,345.0,1908.0,2820.0,2,238.0,0.0,100.0,0.0,5.0,,,14.0,22.0,11.0,78.0,18.0
2023-02-15,66.6,43.0,169.0,45.0,62.8,253.2,01:06:00.000000,00:06:00.000000,00:30:00.000000,7208,61.0,0.0,0.0,08:19:00.000000,01:54:00.000000,26.0,3193.0,2662.0,531.0,0.0,2820.0,1,486.0,2.8,100.0,0.0,12.0,,,14.0,23.0,9.0,96.0,11.0
2023-02-14,73.7,46.0,168.0,48.0,62.2,253.6,00:47:00.000000,00:05:00.000000,00:21:00.000000,13075,113.0,0.0,0.0,07:47:00.000000,01:37:00.000000,31.0,3522.0,2663.0,859.0,0.0,2820.0,1,302.0,1.8,100.0,0.0,7.0,,,13.0,23.0,10.0,72.0,11.0
2023-02-13,68.4,44.0,105.0,46.0,55.8,250.6,00:00:00.000000,00:00:00.000000,00:00:00.000000,8629,70.0,0.0,0.0,09:22:00.000000,01:42:00.000000,26.0,3082.0,2647.0,435.0,0.0,2820.0,,,,100.0,,,,,13.0,23.0,9.0,97.0,12.0
2023-02-12,67.8,41.0,173.0,49.0,60.6,250.0,00:30:00.000000,00:02:00.000000,00:14:00.000000,9507,75.0,0.0,0.0,06:30:00.000000,00:27:00.000000,23.0,3107.0,2643.0,464.0,1645.0,2820.0,1,230.0,1.3,100.0,0.0,4.0,,,14.0,23.0,9.0,74.0,5.0
2023-02-11,77.4,43.0,171.0,45.0,57.3,,01:30:00.000000,00:04:00.000000,00:43:00.000000,17388,152.0,0.0,0.0,08:16:00.000000,01:42:00.000000,24.0,4123.0,2646.0,1477.0,0.0,2820.0,1,645.0,3.7,100.0,0.0,9.0,,,14.0,22.0,10.0,78.0,5.0
2023-02-10,94.3,61.0,169.0,52.0,87.0,250.4,00:40:00.000000,00:12:00.000000,00:14:00.000000,14412,130.0,0.0,0.0,00:00:00.000000,00:00:00.000000,60.0,4118.0,2646.0,1472.0,,2820.0,2,319.0,1.8,100.0,0.0,6.0,,,13.0,15.0,10.0,74.0,5.0
2023-02-09,68.6,46.0,164.0,47.0,65.6,250.6,01:05:00.000000,00:05:00.000000,00:30:00.000000,6528,53.0,0.0,0.0,08:04:00.000000,01:34:00.000000,27.0,3148.0,2647.0,501.0,0.0,2820.0,1,395.0,2.3,100.0,0.0,11.0,,,14.0,24.0,10.0,91.0,16.0
2023-02-08,71.0,46.0,172.0,48.0,64.6,,01:13:00.000000,00:19:00.000000,00:27:00.000000,7199,56.0,0.0,0.0,04:41:00.000000,00:10:00.000000,32.0,3519.0,2651.0,868.0,,2820.0,2,556.0,2.3,100.0,0.0,12.0,,,15.0,23.0,10.0,76.0,12.0
2023-02-07,72.6,46.0,173.0,48.0,64.3,251.4,00:39:00.000000,00:07:00.000000,00:16:00.000000,13217,105.0,0.0,0.0,08:33:00.000000,01:20:00.000000,26.0,3355.0,2651.0,704.0,,2820.0,2,278.0,1.6,100.0,0.0,6.0,,,13.0,22.0,9.0,78.0,5.0
2023-02-06,74.6,46.0,166.0,48.0,59.1,253.4,01:20:00.000000,00:10:00.000000,00:35:00.000000,15136,126.0,0.0,0.0,09:16:00.000000,01:45:00.000000,26.0,3777.0,2662.0,1115.0,0.0,2820.0,1,526.0,3.1,100.0,0.0,8.0,,,13.0,24.0,10.0,90.0,5.0
2023-02-05,75.7,47.0,171.0,49.0,63.8,254.8,01:03:00.000000,00:13:00.000000,00:25:00.000000,12943,111.0,0.0,0.0,07:24:00.000000,00:56:00.000000,27.0,3716.0,2670.0,1046.0,1785.0,2820.0,3,521.0,1.7,100.0,0.0,8.0,,,13.0,23.0,10.0,76.0,5.0
2023-02-04,77.5,44.0,157.0,48.0,61.1,256.6,01:26:00.000000,00:22:00.000000,00:32:00.000000,15775,148.0,0.0,0.0,08:07:00.000000,01:05:00.000000,28.0,4131.0,2680.0,1451.0,1575.0,2820.0,3,637.0,1.8,100.0,0.0,11.0,,,13.0,21.0,10.0,77.0,5.0
2023-02-03,76.7,44.0,171.0,47.0,58.4,258.0,00:58:00.000000,00:06:00.000000,00:26:00.000000,15899,158.0,0.0,0.0,09:06:00.000000,02:29:00.000000,31.0,4054.0,2687.0,1367.0,,2820.0,3,371.0,1.7,100.0,0.0,5.0,,,13.0,21.0,10.0,90.0,5.0
2023-02-02,67.9,43.0,159.0,47.0,62.5,255.4,01:13:00.000000,00:09:00.000000,00:32:00.000000,7756,73.0,0.0,0.0,08:29:00.000000,01:42:00.000000,27.0,3232.0,2673.0,559.0,2349.0,2820.0,2,510.0,2.4,100.0,0.0,8.0,,,15.0,22.0,11.0,91.0,18.0
2023-02-01,68.4,47.0,167.0,49.0,63.7,255.4,01:13:00.000000,00:09:00.000000,00:32:00.000000,9088,84.0,0.0,0.0,08:16:00.000000,01:27:00.000000,25.0,3345.0,2673.0,672.0,1230.0,2820.0,3,539.0,2.2,100.0,0.0,8.0,,,13.0,22.0,11.0,71.0,7.0
2023-01-31,76.5,47.0,170.0,49.0,63.1,256.6,01:16:00.000000,00:08:00.000000,00:34:00.000000,13926,133.0,0.0,0.0,07:30:00.000000,01:07:00.000000,32.0,3816.0,2680.0,1136.0,2698.0,2820.0,5,647.0,2.3,100.0,0.0,11.0,,,13.0,25.0,9.0,85.0,9.0
2023-01-30,74.9,46.0,171.0,47.0,64.0,257.2,02:11:00.000000,00:17:00.000000,00:57:00.000000,9779,93.0,0.0,0.0,08:35:00.000000,01:26:00.000000,27.0,3814.0,2684.0,1130.0,2135.0,2820.0,4,868.0,1.0,100.0,0.0,14.0,,,13.0,21.0,9.0,84.0,9.0
2023-01-29,75.5,44.0,170.0,46.0,60.4,259.2,01:24:00.000000,00:10:00.000000,00:37:00.000000,12744,128.0,0.0,0.0,08:23:00.000000,01:07:00.000000,30.0,3832.0,2694.0,1138.0,1345.0,2820.0,3,635.0,1.7,100.0,0.0,9.0,,,13.0,26.0,10.0,84.0,5.0
2023-01-28,78.5,46.0,150.0,48.0,64.5,258.2,01:35:00.000000,00:15:00.000000,00:40:00.000000,10344,105.0,0.0,0.0,09:09:00.000000,01:01:00.000000,31.0,3884.0,2688.0,1196.0,1829.0,2820.0,3,562.0,0.0,100.0,0.0,10.0,,,13.0,24.0,11.0,66.0,5.0
2023-01-27,81.5,46.0,169.0,48.0,62.7,259.6,01:45:00.000000,00:15:00.000000,00:45:00.000000,14607,158.0,0.0,0.0,07:52:00.000000,01:36:00.000000,35.0,4522.0,2697.0,1825.0,1345.0,2820.0,4,698.0,1.7,100.0,0.0,11.0,,,13.0,21.0,10.0,85.0,5.0
2023-01-26,70.2,43.0,154.0,48.0,68.2,260.6,01:40:00.000000,00:32:00.000000,00:34:00.000000,4869,47.0,0.0,0.0,06:07:00.000000,00:53:00.000000,29.0,3508.0,2702.0,806.0,1780.0,2820.0,3,527.0,0.0,100.0,0.0,8.0,,,14.0,23.0,10.0,87.0,15.0
2023-01-25,68.7,44.0,172.0,48.0,61.1,258.9,01:27:00.000000,00:07:00.000000,00:40:00.000000,7263,68.0,0.0,0.0,02:48:00.000000,00:07:00.000000,27.0,3397.0,2692.0,705.0,699.0,2820.0,3,659.0,2.0,100.0,0.0,9.0,,,15.0,22.0,12.0,81.0,13.0
2023-01-24,75.8,45.0,157.0,47.0,63.1,258.8,01:13:00.000000,00:13:00.000000,00:30:00.000000,12188,118.0,0.0,0.0,09:12:00.000000,01:23:00.000000,29.0,3659.0,2692.0,967.0,2913.0,2820.0,2,508.0,0.0,100.0,0.0,8.0,,,14.0,20.0,11.0,90.0,14.0
2023-01-23,78.7,47.0,172.0,50.0,63.3,255.2,01:07:00.000000,00:09:00.000000,00:29:00.000000,12628,126.0,0.0,0.0,09:28:00.000000,01:16:00.000000,30.0,3988.0,2673.0,1315.0,2736.0,2820.0,2,527.0,2.2,100.0,0.0,8.0,,,14.0,23.0,12.0,86.0,12.0
2023-01-22,71.0,48.0,109.0,51.0,63.3,,00:00:00.000000,00:00:00.000000,00:00:00.000000,8292,81.0,0.0,0.0,07:15:00.000000,00:51:00.000000,31.0,2911.0,2688.0,223.0,556.0,2820.0,,,,100.0,,,,,14.0,22.0,11.0,57.0,5.0
2023-01-21,77.7,43.0,171.0,47.0,62.1,258.2,01:03:00.000000,00:07:00.000000,00:28:00.000000,15076,156.0,0.0,0.0,08:22:00.000000,01:16:00.000000,35.0,3897.0,2688.0,1209.0,,2820.0,2,531.0,2.4,100.0,0.0,8.0,,,13.0,25.0,10.0,81.0,5.0
2023-01-20,68.3,43.0,105.0,47.0,61.6,258.2,00:00:00.000000,00:00:00.000000,00:00:00.000000,8874,91.0,0.0,0.0,10:06:00.000000,02:02:00.000000,27.0,3019.0,2688.0,331.0,3039.0,2820.0,,,,100.0,,,,,14.0,23.0,10.0,79.0,19.0
2023-01-19,71.6,45.0,175.0,48.0,61.5,259.8,02:03:00.000000,00:19:00.000000,00:52:00.000000,10316,107.0,0.0,0.0,08:04:00.000000,01:23:00.000000,31.0,3686.0,2697.0,989.0,2434.0,2820.0,3,960.0,3.1,100.0,0.0,17.0,,,14.0,23.0,12.0,89.0,21.0
2023-01-18,65.6,40.0,171.0,45.0,60.7,258.6,01:18:00.000000,00:12:00.000000,00:33:00.000000,8182,83.0,0.0,0.0,09:25:00.000000,01:50:00.000000,22.0,3360.0,2691.0,669.0,1474.0,2820.0,2,660.0,2.6,100.0,0.0,10.0,,,15.0,24.0,10.0,91.0,5.0
2023-01-17,78.9,45.0,175.0,49.0,63.7,259.6,01:08:00.000000,00:10:00.000000,00:29:00.000000,12273,133.0,0.0,0.0,08:26:00.000000,01:47:00.000000,37.0,3970.0,2697.0,1273.0,3165.0,2820.0,3,453.0,1.4,100.0,0.0,7.0,,,14.0,21.0,10.0,58.0,5.0
2023-01-16,77.5,44.0,156.0,48.0,62.2,259.4,01:20:00.000000,00:26:00.000000,00:27:00.000000,10540,116.0,0.0,0.0,08:16:00.000000,02:04:00.000000,38.0,3841.0,2696.0,1145.0,2745.0,2593.0,2,611.0,0.0,100.0,0.0,11.0,,,14.0,22.0,12.0,84.0,6.0
2023-01-15,67.5,44.0,174.0,48.0,60.7,261.8,00:53:00.000000,00:11:00.000000,00:21:00.000000,6022,61.0,0.0,0.0,08:42:00.000000,01:23:00.000000,28.0,3203.0,2709.0,494.0,1230.0,2593.0,2,421.0,1.6,100.0,0.0,7.0,,,13.0,22.0,10.0,76.0,5.0
2023-01-14,73.0,51.0,116.0,53.0,70.8,259.9,00:02:00.000000,00:00:00.000000,00:01:00.000000,8036,80.0,0.0,0.0,06:57:00.000000,00:48:00.000000,36.0,3192.0,2698.0,494.0,2725.0,2593.0,,,,100.0,,,,,14.0,22.0,11.0,35.0,5.0
2023-01-13,79.7,46.0,173.0,49.0,64.1,261.0,00:58:00.000000,00:10:00.000000,00:24:00.000000,15275,163.0,0.0,0.0,07:23:00.000000,01:24:00.000000,34.0,4194.0,2704.0,1490.0,2725.0,2593.0,2,424.0,1.8,100.0,0.0,7.0,,,14.0,24.0,10.0,78.0,5.0
2023-01-12,71.6,44.0,175.0,46.0,59.6,261.2,01:23:00.000000,00:19:00.000000,00:32:00.000000,6122,60.0,0.0,0.0,07:19:00.000000,01:53:00.000000,32.0,3625.0,2705.0,920.0,2340.0,2593.0,3,699.0,1.0,100.0,0.0,12.0,,,13.0,23.0,10.0,93.0,10.0
2023-01-11,69.6,48.0,174.0,51.0,60.7,262.8,01:42:00.000000,00:14:00.000000,00:44:00.000000,7662,73.0,0.0,0.0,03:45:00.000000,01:24:00.000000,29.0,3685.0,2714.0,971.0,2574.0,2843.0,3,854.0,2.4,100.0,0.0,13.0,,,13.0,23.0,10.0,69.0,17.0
2023-01-10,72.9,45.0,167.0,48.0,65.1,262.6,00:41:00.000000,00:05:00.000000,00:18:00.000000,11179,108.0,0.0,0.0,08:24:00.000000,00:49:00.000000,31.0,3841.0,2713.0,1128.0,0.0,,2,305.0,1.4,100.0,0.0,4.0,,,15.0,25.0,8.0,81.0,14.0
2023-01-09,85.0,55.0,171.0,60.0,90.7,267.4,01:31:00.000000,00:13:00.000000,00:39:00.000000,12584,125.0,0.0,0.0,00:00:00.000000,00:00:00.000000,30.0,4028.0,2740.0,1288.0,,,6,769.0,2.1,100.0,0.0,11.0,,,13.0,18.0,11.0,50.0,16.0
