activity_id,name,description,type,course_id,laps,sport,sub_sport,training_effect,anaerobic_training_effect,start_time,stop_time,elapsed_time,moving_time,distance,cycles,avg_hr,max_hr,avg_rr,max_rr,calories,avg_cadence,max_cadence,avg_speed,max_speed,ascent,descent,max_temperature,min_temperature,avg_temperature,start_lat,start_long,stop_lat,stop_long,hr_zones_method,hrz_1_hr,hrz_2_hr,hrz_3_hr,hrz_4_hr,hrz_5_hr,hrz_1_time,hrz_2_time,hrz_3_time,hrz_4_time,hrz_5_time
10648586889,"Delhi - Run",,uncategorized,,4,running,generic,3.0,0.0,"2023-03-07 11:09:59.000000","2023-03-07 11:31:37.000000",00:20:39.419000,00:20:39.419000,1.765769180176,1536.0,156,175,,,304,74,78,5.12929420960045,6.22091878986931,308.3989506,314.9606304,260.6,,260.6,39.1083819698542,-84.6429516747594,39.1080972366035,-84.6421007439494,max_heart_rate,99,119,139,158,178,00:00:14.025000,00:00:29.901000,00:04:42.998000,00:13:31.988000,00:00:00.000000
10417511167,"Rowing 1 on 2 soft",,uncategorized,,6,fitness_equipment,indoor_rowing,0.6,0.0,"2023-01-31 11:26:30.000000","2023-01-31 11:34:47.000000",00:08:10.241000,00:08:10.241000,0.0,193.0,121,136,,,85,26,42,0.0,,,,260.6,,260.6,,,,,max_heart_rate,99,119,139,158,178,00:01:56.632000,00:05:35.159000,00:00:00.000000,00:00:00.000000,00:00:00.000000
10668176472,Run,,uncategorized,,4,running,treadmill,3.1,0.0,"2023-03-10 12:19:35.000000","2023-03-10 12:47:32.000000",00:27:40.310000,00:27:40.310000,2.210826302176,1999.0,151,165,,,392,72,78,4.79375359626961,5.78247964533234,,,260.6,,260.6,,,,,max_heart_rate,99,119,139,158,178,00:00:25.211000,00:01:30.001000,00:06:03.000000,00:17:27.982000,00:00:00.000000
10379514802,"Indoor Cycling",,uncategorized,,1,cycling,indoor_cycling,0.8,0.0,"2023-01-25 12:41:01.000000","2023-01-25 12:49:53.000000",00:08:07.495000,00:08:07.495000,0.0,,124,138,,,90,,,0.0,,,,260.6,,260.6,,,,,max_heart_rate,99,119,139,158,178,00:02:49.395000,00:05:18.100000,00:00:00.000000,00:00:00.000000,00:00:00.000000
10413760580,"Rowing 1 on 2 soft",,uncategorized,,16,fitness_equipment,indoor_rowing,2.1,0.0,"2023-01-30 20:38:20.000000","2023-01-30 21:01:06.000000",00:22:39.973000,00:21:07.919000,0.0,606.0,137,155,,,272,29,46,0.0,,,,260.6,,260.6,,,,,max_heart_rate,99,119,139,158,178,00:00:49.885000,00:08:08.366000,00:11:39.585000,00:00:00.000000,00:00:00.000000
10334448543,"Walk/Run Repeats",,uncategorized,,7,running,treadmill,3.3,0.0,"2023-01-18 12:01:48.000000","2023-01-18 12:40:14.000000",00:38:00.844000,00:38:00.000000,2.581977533648,2727.0,156,172,,,582,71,80,4.07569745173264,4.88323148426437,,,260.6,,260.6,,,,,max_heart_rate,99,119,139,158,178,00:01:06.000000,00:03:14.999000,00:10:11.771000,00:22:44.756000,00:00:00.000000
10405421847,Run,,uncategorized,,4,running,treadmill,3.1,0.0,"2023-01-29 11:34:36.000000","2023-01-29 11:58:18.000000",00:23:17.947000,00:23:17.947000,1.71399031808,1738.0,160,172,,,372,71,81,4.41347483893204,5.07113382240105,,,260.6,,260.6,,,,,max_heart_rate,99,119,139,158,178,00:00:54.999000,00:01:51.217000,00:03:26.211000,00:17:03.984000,00:00:00.000000
10683985076,Run,,uncategorized,,5,running,treadmill,3.4,0.0,"2023-03-12 21:16:46.000000","2023-03-12 21:48:43.000000",00:31:45.932000,00:31:45.932000,2.661655962624,2336.0,157,168,,,478,73,78,5.02639514506722,5.88537870986557,,,260.6,,260.6,,,,,max_heart_rate,99,119,139,158,178,00:01:02.407000,00:00:30.999000,00:03:14.999000,00:25:29.988000,00:00:00.000000
10391768661,"Treadmill Running",,uncategorized,,1,running,treadmill,2.0,0.0,"2023-01-27 11:58:25.000000","2023-01-27 12:05:13.000000",00:06:42.172000,00:06:42.172000,0.530737996768,504.0,159,167,,,110,74,79,4.75125222613144,5.03086922613144,,,260.6,,260.6,,,,,max_heart_rate,99,119,139,158,178,00:00:00.000000,00:00:26.513000,00:01:08.658000,00:05:07.001000,00:00:00.000000
10281974153,"Benchmark Run",,uncategorized,,3,running,treadmill,2.1,0.0,"2023-01-10 11:40:58.000000","2023-01-10 11:50:41.000000",00:09:00.000000,00:09:00.000000,0.7162856508,632.0,138,170,,,137,70,101,4.77585833866692,7.61900378986931,,,260.6,,260.6,,,,,max_heart_rate,99,119,139,158,178,00:00:29.721000,00:00:47.999000,00:00:59.001000,00:04:33.717000,00:00:00.000000
10391724694,Run,,uncategorized,,3,running,treadmill,2.6,0.0,"2023-01-27 11:41:26.000000","2023-01-27 11:58:05.000000",00:16:26.671000,00:16:26.671000,1.202552110784,1182.0,155,170,,,250,72,79,4.3866314192009,4.98836732266617,,,260.6,,260.6,,,,,max_heart_rate,99,119,139,158,178,00:02:05.856000,00:01:05.000000,00:01:43.045000,00:11:30.945000,00:00:00.000000
10417642384,Run,,uncategorized,,5,running,treadmill,2.7,0.0,"2023-01-31 11:38:11.000000","2023-01-31 11:54:37.000000",00:16:17.485000,00:16:13.757000,1.238622708944,1194.0,157,172,,,251,73,79,4.57900783840179,7.61900378986931,,,260.6,,260.6,,,,,max_heart_rate,99,119,139,158,178,00:00:11.000000,00:01:05.070000,00:02:36.544000,00:11:33.995000,00:00:00.000000
10282056053,"Treadmill Running",,uncategorized,,1,running,treadmill,2.3,0.0,"2023-01-10 11:52:29.000000","2023-01-10 12:02:16.000000",00:08:45.707000,00:08:43.660000,0.659218919792,616.0,158,164,,,168,70,105,4.5320323871994,5.42680700053024,,,260.6,,260.6,,,,,max_heart_rate,99,119,139,158,178,00:00:00.000000,00:00:14.167000,00:01:50.490000,00:06:39.003000,00:00:00.000000
10425707633,"Treadmill Running",,uncategorized,,4,running,treadmill,2.4,0.0,"2023-02-01 14:53:38.000000","2023-02-01 15:07:34.000000",00:13:51.158000,00:12:46.753000,1.003539342848,969.0,156,169,,,203,75,81,4.71098709653473,5.13376829066467,,,260.6,,260.6,,,,,max_heart_rate,99,119,139,158,178,00:00:18.164000,00:00:18.262000,00:03:38.998000,00:08:30.395000,00:00:00.000000
10510276119,"Delhi - Run",,uncategorized,,4,running,generic,2.5,0.0,"2023-02-14 11:25:30.000000","2023-02-14 11:48:14.000000",00:21:32.785000,00:21:32.785000,1.769006524128,1627.0,158,170,,,302,75,104,4.92573285440254,27.8632755498581,265.7480319,308.3989506,260.6,,260.6,39.1085635218769,-84.6428744774312,39.1078075580299,-84.6415204647928,max_heart_rate,99,119,139,158,178,00:00:48.386000,00:00:50.998000,00:03:16.381000,00:16:35.981000,00:00:00.000000
10524342676,"Indoor Cycling",,uncategorized,,1,cycling,indoor_cycling,0.5,0.0,"2023-02-16 12:58:07.000000","2023-02-16 13:12:26.000000",00:11:37.551000,00:11:37.551000,0.0,,117,126,,,109,,,0.0,,,,260.6,,260.6,,,,,max_heart_rate,99,119,139,158,178,00:06:18.552000,00:05:18.999000,00:00:00.000000,00:00:00.000000,00:00:00.000000
10341584735,"Stair Stepper",,uncategorized,,1,fitness_equipment,stair_climbing,1.3,0.0,"2023-01-19 14:31:48.000000","2023-01-19 14:44:09.000000",00:10:54.447000,00:10:54.447000,0.0,301.0,126,153,,,125,24,85,0.0,,,,260.6,,260.6,,,,,max_heart_rate,99,119,139,158,178,00:02:37.396000,00:04:13.000000,00:03:15.000000,00:00:00.000000,00:00:00.000000
10436700600,Run,,uncategorized,,3,running,treadmill,2.6,0.0,"2023-02-03 10:39:31.000000","2023-02-03 10:56:10.000000",00:16:19.074000,00:16:19.074000,1.2514415968,1229.0,154,173,,,250,74,80,4.60137717706871,5.13376829066467,,,260.6,,260.6,,,,,max_heart_rate,99,119,139,158,178,00:00:23.179000,00:00:14.175000,00:03:18.000000,00:10:51.987000,00:00:00.000000
10398411164,"Indoor Rowing",,uncategorized,,1,fitness_equipment,indoor_rowing,2.0,0.0,"2023-01-28 11:32:18.000000","2023-01-28 11:54:23.000000",00:21:58.853000,00:20:07.083000,0.0,582.0,132,154,,,245,29,33,0.0,,,,260.6,,260.6,,,,,max_heart_rate,99,119,139,158,178,00:02:19.001000,00:10:52.201000,00:06:47.277000,00:00:00.000000,00:00:00.000000
10748768842,"Indoor Rowing",,uncategorized,,1,fitness_equipment,indoor_rowing,1.0,0.0,"2023-03-22 13:59:28.000000","2023-03-22 14:05:42.000000",00:05:50.347000,00:05:50.347000,0.0,156.0,134,143,,,72,26,28,0.0,,,,260.6,,260.6,,,,,max_heart_rate,99,119,139,158,178,00:00:21.022000,00:04:13.321000,00:01:16.004000,00:00:00.000000,00:00:00.000000
10385805273,"Stair Stepper",,uncategorized,,1,fitness_equipment,stair_climbing,2.4,0.0,"2023-01-26 12:15:45.000000","2023-01-26 12:40:57.000000",00:23:12.479000,00:23:12.479000,0.0,317.0,143,157,,,325,12,77,0.0,,,,260.6,,260.6,,,,,max_heart_rate,99,119,139,158,178,00:00:51.177000,00:06:19.000000,00:16:02.302000,00:00:00.000000,00:00:00.000000
10443832563,"Rowing 1 on 2 soft",,uncategorized,,17,fitness_equipment,indoor_rowing,1.4,0.0,"2023-02-04 11:35:21.000000","2023-02-04 11:57:24.000000",00:21:57.543000,00:21:57.543000,0.0,552.0,128,140,,,242,26,35,0.0,,,,260.6,,260.6,,,,,max_heart_rate,99,119,139,158,178,00:01:28.384000,00:20:12.961000,00:00:00.999000,00:00:00.000000,00:00:00.000000
10379845105,"Stair Stepper",,uncategorized,,1,fitness_equipment,stair_climbing,2.1,0.0,"2023-01-25 13:22:56.000000","2023-01-25 13:34:49.000000",00:09:48.233000,00:09:48.233000,0.0,450.0,152,166,,,152,42,70,0.0,,,,260.6,,260.6,,,,,max_heart_rate,99,119,139,158,178,00:00:00.000000,00:02:37.102000,00:01:51.131000,00:05:20.000000,00:00:00.000000
10543721623,"Delhi - Run",,uncategorized,,4,running,generic,3.0,0.0,"2023-02-19 11:29:41.000000","2023-02-19 11:56:18.000000",00:26:18.251000,00:26:18.251000,2.24557337968,1985.0,156,173,,,378,75,81,5.12258335466766,49.6957692885437,298.5564309,314.9606304,260.6,,260.6,39.1120928060263,-84.6352639608085,39.1116283647716,-84.6352865919471,max_heart_rate,99,119,139,158,178,00:00:14.000000,00:00:12.000000,00:04:09.999000,00:19:11.991000,00:00:00.000000
10405558037,"Indoor Rowing",,uncategorized,,1,fitness_equipment,indoor_rowing,2.2,0.0,"2023-01-29 12:02:10.000000","2023-01-29 12:18:17.000000",00:15:07.327000,00:15:07.327000,0.0,413.0,146,171,,,220,27,30,0.0,,,,260.6,,260.6,,,,,max_heart_rate,99,119,139,158,178,00:00:00.000000,00:01:07.507000,00:12:13.817000,00:01:46.003000,00:00:00.000000
10530233481,"Indoor Cycling",,uncategorized,,1,cycling,indoor_cycling,0.9,0.0,"2023-02-17 12:20:03.000000","2023-02-17 12:40:28.000000",00:20:12.488000,00:20:12.488000,0.0,,122,130,,,199,,,0.0,,,,260.6,,260.6,,,,,max_heart_rate,99,119,139,158,178,00:05:18.502000,00:14:54.000000,00:00:00.000000,00:00:00.000000,00:00:00.000000
10656433487,Base,,uncategorized,,6,running,treadmill,3.8,0.0,"2023-03-08 13:20:42.000000","2023-03-08 14:15:06.000000",00:54:07.948000,00:54:07.948000,4.433353024048,4064.0,156,165,,,814,75,78,4.91454845173264,5.82274424160194,,,260.6,,260.6,,,,,max_heart_rate,99,119,139,158,178,00:00:17.000000,00:00:30.999000,00:19:51.994000,00:32:43.538000,00:00:00.000000
10334098063,"Indoor Cycling",,uncategorized,,1,cycling,indoor_cycling,0.4,0.0,"2023-01-18 11:49:12.000000","2023-01-18 12:01:26.000000",00:08:38.980000,00:08:38.980000,0.0,,113,127,,,78,,,0.0,,,,260.6,,260.6,,,,,max_heart_rate,99,119,139,158,178,00:05:37.302000,00:02:37.001000,00:00:00.000000,00:00:00.000000,00:00:00.000000
10641890081,"Indoor Rowing",,uncategorized,,1,fitness_equipment,indoor_rowing,0.7,0.0,"2023-03-06 11:26:39.000000","2023-03-06 11:34:16.000000",00:05:23.546000,00:05:23.546000,6.213712e-06,149.0,123,136,,,57,27,29,0.0,,,,260.6,,260.6,,,,,max_heart_rate,99,119,139,158,178,00:01:10.000000,00:03:54.645000,00:00:00.000000,00:00:00.000000,00:00:00.000000
10693818311,Run,,uncategorized,,4,running,treadmill,3.1,0.0,"2023-03-14 11:44:14.000000","2023-03-14 12:11:59.000000",00:27:33.368000,00:27:33.368000,2.210670959376,1992.0,148,163,,,383,72,78,4.81388616106796,5.80261221013069,,,260.6,,260.6,,,,,max_heart_rate,99,119,139,158,178,00:00:58.999000,00:00:50.000000,00:06:50.999000,00:16:18.958000,00:00:00.000000
10450717509,"Rowing 1 on 2 soft",,uncategorized,,8,fitness_equipment,indoor_rowing,1.2,0.0,"2023-02-05 11:37:56.000000","2023-02-05 11:37:56.000000",00:09:06.320000,00:09:06.320000,0.0,221.0,136,164,,,114,25,35,0.0,,,,260.6,,260.6,,,,,max_heart_rate,99,119,139,158,178,00:00:10.000000,00:05:52.476000,00:01:23.999000,00:01:33.009000,00:00:00.000000
10463372593,"Delhi Walking",,uncategorized,,1,walking,generic,0.3,0.0,"2023-02-07 11:12:06.000000","2023-02-07 11:19:07.000000",00:06:52.551000,00:06:52.551000,0.36928090416,360.0,116,123,,,61,50,55,3.22342474186707,3.52764812106609,85.3018374,88.5826773,260.6,,260.6,39.1061580833048,-84.640809930861,39.1084217838943,-84.642976988107,max_heart_rate,99,119,139,158,178,00:05:35.552000,00:01:16.999000,00:00:00.000000,00:00:00.000000,00:00:00.000000
10417793557,"Rowing 1 on 2 soft",,uncategorized,,4,fitness_equipment,indoor_rowing,0.3,0.0,"2023-01-31 12:12:47.000000","2023-01-31 12:15:56.000000",00:03:03.608000,00:03:03.608000,0.0,80.0,126,131,,,35,27,37,0.0,,,,260.6,,260.6,,,,,max_heart_rate,99,119,139,158,178,00:00:00.000000,00:03:01.733000,00:00:00.000000,00:00:00.000000,00:00:00.000000
10327052644,"Indoor Cycling",,uncategorized,,1,cycling,indoor_cycling,0.2,0.0,"2023-01-17 11:05:34.000000","2023-01-17 11:12:55.000000",00:07:16.715000,00:07:16.715000,0.0,,107,122,,,58,,,0.0,,,,260.6,,260.6,,,,,max_heart_rate,99,119,139,158,178,00:04:30.000000,00:01:02.998000,00:00:00.000000,00:00:00.000000,00:00:00.000000
10456646396,"Delhi Running",,uncategorized,,4,running,generic,2.6,0.1,"2023-02-06 10:55:08.000000","2023-02-06 11:38:46.000000",00:41:41.655000,00:41:41.655000,3.137402608192,3015.0,150,170,,,526,71,83,4.51413659626961,6.32381785440254,252.6246723,400.2624678,260.6,,260.6,39.1082528885454,-84.6425868943334,39.1085574030876,-84.6431266050786,max_heart_rate,99,119,139,158,178,00:00:08.001000,00:06:15.000000,00:18:12.995000,00:16:26.936000,00:00:00.000000
10425484203,"Rowing 1 on 2 soft",,uncategorized,,8,fitness_equipment,indoor_rowing,0.9,0.0,"2023-02-01 14:24:58.000000","2023-02-01 14:34:28.000000",00:09:14.294000,00:09:14.294000,0.0,261.0,125,143,,,103,28,40,0.0,,,,260.6,,260.6,,,,,max_heart_rate,99,119,139,158,178,00:01:34.001000,00:06:50.635000,00:00:22.974000,00:00:00.000000,00:00:00.000000
10629165172,"Indoor Cycling",,uncategorized,,1,cycling,indoor_cycling,1.5,0.0,"2023-03-04 11:58:09.000000","2023-03-04 12:29:13.000000",00:30:14.966000,00:30:14.966000,0.0,,125,134,,,297,,,0.0,,,,260.6,,260.6,,,,,max_heart_rate,99,119,139,158,178,00:04:20.001000,00:25:31.117000,00:00:00.000000,00:00:00.000000,00:00:00.000000
10748553235,Run,,uncategorized,,3,running,treadmill,2.7,0.0,"2023-03-22 13:24:48.000000","2023-03-22 13:40:09.000000",00:15:10.224000,00:15:10.224000,1.212115013552,1077.0,153,178,,,212,71,80,4.79375359626961,6.05314901653099,,,260.6,,260.6,,,,,max_heart_rate,99,119,139,158,178,00:00:10.641000,00:01:10.002000,00:02:40.997000,00:08:06.002000,00:01:06.960000
10386089642,"Indoor Cycling",,uncategorized,,1,cycling,indoor_cycling,2.1,0.0,"2023-01-26 12:41:31.000000","2023-01-26 13:21:49.000000",00:11:43.390000,00:11:43.390000,0.0,,135,156,,,154,,,0.0,,,,260.6,,260.6,,,,,max_heart_rate,99,119,139,158,178,00:00:40.279000,00:04:47.110000,00:06:16.001000,00:00:00.000000,00:00:00.000000
10740686615,"Delhi - Run",,uncategorized,,4,running,generic,2.9,0.0,"2023-03-21 11:35:47.000000","2023-03-21 11:56:58.000000",00:20:53.108000,00:20:53.108000,1.749048081184,1513.0,152,171,,,295,72,79,5.02415837119865,5.67734380693054,265.7480319,154.1994753,260.6,,260.6,39.1088072676212,-84.6429614815861,39.1085306648165,-84.6431423630565,max_heart_rate,99,119,139,158,178,00:00:15.999000,00:00:40.000000,00:03:12.995000,00:14:24.993000,00:00:00.000000
10411171451,"Treadmill Running",,uncategorized,,2,running,treadmill,2.5,0.0,"2023-01-30 12:08:13.000000","2023-01-30 12:20:51.000000",00:12:26.290000,00:12:26.290000,1.006285803552,976.0,162,172,,,204,77,82,4.85415129066467,5.05100125760269,,,260.6,,260.6,,,,,max_heart_rate,99,119,139,158,178,00:00:33.048000,00:00:12.000000,00:01:03.000000,00:10:38.239000,00:00:00.000000
10571176339,"Delhi - Run",,uncategorized,,5,running,generic,2.5,0.0,"2023-02-23 14:13:31.000000","2023-02-23 15:00:15.000000",00:46:17.959000,00:46:17.959000,3.247111907264,3177.0,146,168,,,535,68,82,4.20767670986557,5.88537870986557,314.9606304,383.8582683,260.6,,260.6,39.1084009967744,-84.6431005373597,39.1084127314389,-84.6430556941777,max_heart_rate,99,119,139,158,178,00:00:59.000000,00:12:11.051000,00:19:39.205000,00:13:07.999000,00:00:00.000000
10450611378,Run,,uncategorized,,4,running,treadmill,3.1,0.0,"2023-02-05 11:01:06.000000","2023-02-05 11:23:53.000000",00:22:35.129000,00:22:35.129000,1.741684832464,1701.0,160,172,,,354,75,80,4.62598382293129,5.11363572586632,,,260.6,,260.6,,,,,max_heart_rate,99,119,139,158,178,00:01:05.000000,00:01:46.469000,00:02:52.000000,00:16:49.993000,00:00:00.000000
10417744630,"Treadmill Running",,uncategorized,,2,running,treadmill,2.4,0.0,"2023-01-31 11:56:16.000000","2023-01-31 12:08:59.000000",00:12:30.551000,00:12:30.551000,1.00764660648,955.0,158,165,,,202,76,78,4.83401872586632,4.98836732266617,,,260.6,,260.6,,,,,max_heart_rate,99,119,139,158,178,00:00:14.052000,00:00:21.000000,00:02:05.998000,00:09:49.498000,00:00:00.000000
10483725181,"Delhi - Run",,uncategorized,,4,running,generic,2.3,0.0,"2023-02-10 12:09:22.000000","2023-02-10 12:24:37.000000",00:15:07.364000,00:15:03.880000,1.236391986336,1094.0,155,170,,,208,72,82,4.92349608053398,6.61685656426811,85.3018374,252.6246723,260.6,,260.6,39.1084284894168,-84.6431685145944,39.104485893622,-84.6419471036643,max_heart_rate,99,119,139,158,178,00:00:10.000000,00:02:28.807000,00:00:57.001000,00:10:47.991000,00:00:00.000000
10436789647,"Treadmill Running",,uncategorized,,1,running,treadmill,1.5,0.0,"2023-02-03 10:57:59.000000","2023-02-03 11:11:10.000000",00:06:01.801000,00:06:01.801000,0.462666781808,443.0,145,156,,,89,74,77,4.60361448426437,4.90560082293129,,,260.6,,260.6,,,,,max_heart_rate,99,119,139,158,178,00:00:27.390000,00:00:24.999000,00:05:09.412000,00:00:00.000000,00:00:00.000000
10278242382,"Indoor Cycling",,uncategorized,,1,cycling,indoor_cycling,0.8,0.0,"2023-01-09 20:59:26.000000","2023-01-09 21:15:27.000000",00:14:17.384000,00:14:17.384000,0.0,,115,137,,,152,,,0.0,,,,260.6,,260.6,,,,,max_heart_rate,99,119,139,158,178,00:06:29.195000,00:06:35.999000,00:00:00.000000,00:00:00.000000,00:00:00.000000
10583010925,"Delhi - Run",,uncategorized,,4,running,generic,2.8,0.0,"2023-02-25 12:02:56.000000","2023-02-25 12:24:27.000000",00:21:15.355000,00:21:15.355000,1.776991144048,1603.0,157,170,,,308,75,79,5.01521074239731,5.61470933866692,206.6929137,180.4461945,260.6,,260.6,39.1084565687925,-84.6430092584342,39.1078027803451,-84.6403283905238,max_heart_rate,99,119,139,158,178,00:00:11.999000,00:00:51.708000,00:02:57.999000,00:16:12.984000,00:00:00.000000
10405230835,"Indoor Rowing",,uncategorized,,1,fitness_equipment,indoor_rowing,0.2,0.0,"2023-01-29 11:25:32.000000","2023-01-29 11:31:29.000000",00:05:05.935000,00:05:05.935000,0.0,123.0,110,121,,,43,24,26,0.0,,,,260.6,,260.6,,,,,max_heart_rate,99,119,139,158,178,00:04:21.416000,00:00:44.519000,00:00:00.000000,00:00:00.000000,00:00:00.000000
10391911510,"Indoor Rowing",,uncategorized,,1,fitness_equipment,indoor_rowing,2.1,0.0,"2023-01-27 12:09:36.000000","2023-01-27 12:29:53.000000",00:20:04.313000,00:20:04.313000,0.0,573.0,137,155,,,262,29,36,0.0,,,,260.6,,260.6,,,,,max_heart_rate,99,119,139,158,178,00:00:05.003000,00:12:09.994000,00:07:49.316000,00:00:00.000000,00:00:00.000000
10536807637,"Treadmill Running",,uncategorized,,1,running,treadmill,2.2,0.0,"2023-02-18 12:03:52.000000","2023-02-18 12:16:31.000000",00:12:12.757000,00:12:12.757000,0.827181768864,914.0,145,161,,,173,75,77,4.9129514013295,4.48729370986557,,,260.6,,260.6,,,,,max_heart_rate,99,119,139,158,178,00:00:26.000000,00:00:21.000000,00:09:59.292000,00:00:46.998000,00:00:00.000000
10295945600,Strength,,uncategorized,,1,fitness_equipment,strength_training,0.1,0.0,"2023-01-12 13:18:17.000000","2023-01-12 13:28:58.000000",00:10:34.706000,00:10:34.706000,0.0,11.0,90,109,,,62,,,0.0,,,,260.6,,260.6,,,,,max_heart_rate,99,119,139,158,178,00:01:20.478000,00:00:00.000000,00:00:00.000000,00:00:00.000000,00:00:00.000000
10556583052,"Delhi Running",,uncategorized,,1,running,generic,1.3,0.0,"2023-02-21 11:46:06.000000","2023-02-21 11:52:00.000000",00:05:48.804000,00:05:48.804000,0.461945991216,436.0,150,164,,,82,75,78,4.76691070986557,5.11363572586632,65.616798,78.7401576,260.6,,260.6,39.1053015366197,-84.6414317004383,39.1085333470255,-84.6431331429631,max_heart_rate,99,119,139,158,178,00:00:14.652000,00:00:34.002000,00:03:46.975000,00:01:13.175000,00:00:00.000000
10524198534,"Indoor Rowing",,uncategorized,,1,fitness_equipment,indoor_rowing,1.4,0.0,"2023-02-16 12:42:39.000000","2023-02-16 12:52:53.000000",00:10:07.006000,00:10:07.006000,0.0,275.0,134,146,,,129,27,29,0.0,,,,260.6,,260.6,,,,,max_heart_rate,99,119,139,158,178,00:00:07.999000,00:05:05.000000,00:04:47.497000,00:00:00.000000,00:00:00.000000
10483803157,"Delhi Walking",,uncategorized,,1,walking,generic,0.6,0.0,"2023-02-10 12:24:48.000000","2023-02-10 12:37:31.000000",00:12:37.383000,00:12:37.383000,0.533148917024,537.0,117,126,,,111,41,59,2.53444852426624,3.19434454826736,193.5695541,187.0078743,260.6,,260.6,39.1047065891325,-84.6419975627214,39.1085041780025,-84.6429999545217,max_heart_rate,99,119,139,158,178,00:06:07.701000,00:05:57.998000,00:00:00.000000,00:00:00.000000,00:00:00.000000
10720592397,"Indoor Cycling",,uncategorized,,1,cycling,indoor_cycling,1.3,0.0,"2023-03-18 11:31:38.000000","2023-03-18 11:51:44.000000",00:20:01.615000,00:20:01.615000,0.0,,114,148,,,172,,,0.0,,,,260.6,,260.6,,,,,max_heart_rate,99,119,139,158,178,00:10:53.997000,00:02:50.001000,00:02:59.143000,00:00:00.000000,00:00:00.000000
10288820037,"Indoor Cycling",,uncategorized,,1,cycling,indoor_cycling,0.2,0.0,"2023-01-11 11:41:59.000000","2023-01-11 11:52:04.000000",00:09:55.487000,00:09:55.487000,0.0,,104,110,,,82,,,0.0,,,,260.6,,260.6,,,,,max_heart_rate,99,119,139,158,178,00:08:29.895000,00:00:00.000000,00:00:00.000000,00:00:00.000000,00:00:00.000000
10425605776,Run,,uncategorized,,3,running,treadmill,2.5,0.0,"2023-02-01 14:36:20.000000","2023-02-01 14:52:29.000000",00:15:58.181000,00:15:58.181000,1.174938374656,1156.0,151,168,,,233,72,79,4.41347483893204,5.05100125760269,,,260.6,,260.6,,,,,max_heart_rate,99,119,139,158,178,00:01:58.850000,00:01:18.856000,00:02:57.001000,00:09:40.994000,00:00:00.000000
10278256274,Elliptical,,uncategorized,,1,fitness_equipment,elliptical,0.4,0.0,"2023-01-09 21:16:01.000000","2023-01-09 21:21:32.000000",00:04:26.671000,00:04:26.671000,0.0,187.0,117,130,,,52,38,56,0.0,,,,260.6,,260.6,,,,,max_heart_rate,99,119,139,158,178,00:01:48.672000,00:02:23.999000,00:00:00.000000,00:00:00.000000,00:00:00.000000
10411326689,"Indoor Rowing",,uncategorized,,1,fitness_equipment,indoor_rowing,1.7,0.0,"2023-01-30 12:26:09.000000","2023-01-30 12:43:14.000000",00:12:17.732000,00:12:17.732000,0.0,292.0,135,148,,,157,28,31,0.0,,,,260.6,,260.6,,,,,max_heart_rate,99,119,139,158,178,00:00:33.000000,00:06:48.227000,00:04:43.997000,00:00:00.000000,00:00:00.000000
10316709666,"Walk/Run Repeats",,uncategorized,,7,running,treadmill,3.1,0.3,"2023-01-15 16:53:31.000000","2023-01-15 17:16:48.000000",00:23:00.000000,00:23:00.000000,1.606250765712,1650.0,155,176,,,359,71,80,4.18978118559933,5.00849988746452,,,260.6,,260.6,,,,,max_heart_rate,99,119,139,158,178,00:00:17.001000,00:00:34.998000,00:05:21.965000,00:14:29.974000,00:00:00.000000
10536674279,"Indoor Cycling",,uncategorized,,1,cycling,indoor_cycling,0.9,0.0,"2023-02-18 11:33:31.000000","2023-02-18 11:57:12.000000",00:23:05.394000,00:23:05.394000,0.0,,119,134,,,211,,,0.0,,,,260.6,,260.6,,,,,max_heart_rate,99,119,139,158,178,00:10:35.002000,00:12:16.460000,00:00:00.000000,00:00:00.000000,00:00:00.000000
10289250500,"Indoor Cycling",,uncategorized,,1,cycling,indoor_cycling,2.2,0.0,"2023-01-11 12:33:14.000000","2023-01-11 12:53:35.000000",00:20:01.232000,00:20:01.232000,0.0,,135,160,,,298,,,0.0,,,,260.6,,260.6,,,,,max_heart_rate,99,119,139,158,178,00:02:17.113000,00:09:01.000000,00:08:23.119000,00:00:20.000000,00:00:00.000000
10629213781,Elliptical,,uncategorized,,1,fitness_equipment,elliptical,0.4,0.0,"2023-03-04 12:30:26.000000","2023-03-04 12:36:27.000000",00:05:56.308000,00:05:56.308000,0.0,266.0,119,128,,,58,36,51,0.0,,,,260.6,,260.6,,,,,max_heart_rate,99,119,139,158,178,00:01:19.806000,00:04:36.502000,00:00:00.000000,00:00:00.000000,00:00:00.000000
10342479534,"Delhi Running",,uncategorized,,4,running,generic,3.2,0.2,"2023-01-19 17:15:01.000000","2023-01-19 17:54:52.000000",00:39:13.397000,00:39:13.397000,3.147916208896,2766.0,160,179,,,598,69,102,4.81612346826363,8.30798027413368,282.1522314,449.4750663,260.6,,260.6,39.1086475085467,-84.6432348154485,39.1085448302329,-84.6430732961744,max_heart_rate,99,119,139,158,178,00:00:47.000000,00:01:34.000000,00:09:34.996000,00:26:29.189000,00:00:23.000000
10642099443,"Indoor Cycling",,uncategorized,,1,cycling,indoor_cycling,2.2,0.0,"2023-03-06 11:34:28.000000","2023-03-06 12:05:21.000000",00:30:04.631000,00:30:04.631000,0.0,,128,158,,,323,,,0.0,,,,260.6,,260.6,,,,,max_heart_rate,99,119,139,158,178,00:07:54.129000,00:14:24.997000,00:07:44.003000,00:00:01.502000,00:00:00.000000
10289081507,"Walk/Run Repeats",,uncategorized,,7,running,treadmill,3.1,0.1,"2023-01-11 11:56:47.000000","2023-01-11 12:30:00.000000",00:32:41.048000,00:32:00.000000,2.39361506808,2120.0,140,176,,,474,66,80,4.48729370986557,7.07542880693054,,,260.6,,260.6,,,,,max_heart_rate,99,119,139,158,178,00:00:27.999000,00:09:05.245000,00:02:35.000000,00:14:18.866000,00:00:00.000000
10490819407,"Delhi - Threshold",,uncategorized,,5,running,generic,3.4,0.0,"2023-02-11 12:09:44.000000","2023-02-11 12:54:32.000000",00:43:39.178000,00:42:47.484000,3.670831142256,3324.0,161,172,,,645,76,83,5.14719000053024,6.28355325813293,456.0367461,337.9265097,260.6,,260.6,39.1084003262222,-84.6427913289517,39.1084258910269,-84.6430182270706,max_heart_rate,99,119,139,158,178,00:00:10.998000,00:01:13.000000,00:07:46.695000,00:33:27.078000,00:00:00.000000
10594830979,"Delhi - Run",,uncategorized,,4,running,generic,2.8,0.0,"2023-02-27 09:50:14.000000","2023-02-27 10:18:08.000000",00:27:44.334000,00:27:44.334000,2.2251302672,2046.0,152,169,,,382,73,79,4.81388616106796,5.61470933866692,246.0629925,334.6456698,260.6,,260.6,39.1086355224252,-84.6432198118418,39.1081875935197,-84.6422729082406,max_heart_rate,99,119,139,158,178,00:01:09.999000,00:01:44.887000,00:07:42.001000,00:15:51.989000,00:00:00.000000
10536710987,"Treadmill Running",,uncategorized,,1,running,treadmill,0.3,0.0,"2023-02-18 11:59:13.000000","2023-02-18 12:02:21.000000",00:02:51.508000,00:02:51.508000,0.164762787392,190.0,123,142,,,30,67,78,3.45830306453323,4.1741227018652,,,260.6,,260.6,,,,,max_heart_rate,99,119,139,158,178,00:01:14.143000,00:00:50.001000,00:00:47.364000,00:00:00.000000,00:00:00.000000
10559180051,"Delhi - Base",,uncategorized,,2,running,generic,2.3,0.0,"2023-02-21 18:47:36.000000","2023-02-21 19:11:32.000000",00:23:17.480000,00:23:17.480000,1.678429244304,1592.0,156,173,,,303,67,82,4.32399721760082,5.25903669386482,203.4120738,193.5695541,260.6,,260.6,39.1085749212652,-84.6432456281036,39.1085305809975,-84.6431773155928,max_heart_rate,99,119,139,158,178,00:00:29.998000,00:02:31.000000,00:06:16.002000,00:13:57.764000,00:00:00.000000
10470886668,"Rowing 1 on 2 soft",,uncategorized,,12,fitness_equipment,indoor_rowing,0.7,0.0,"2023-02-08 12:22:36.000000","2023-02-08 12:39:11.000000",00:16:21.875000,00:16:21.875000,0.0,423.0,117,135,,,149,26,37,0.0,,,,260.6,,260.6,,,,,max_heart_rate,99,119,139,158,178,00:08:49.646000,00:06:47.574000,00:00:00.000000,00:00:00.000000,00:00:00.000000
10391618384,"Indoor Cycling",,uncategorized,,1,cycling,indoor_cycling,0.6,0.0,"2023-01-27 11:32:03.000000","2023-01-27 11:40:18.000000",00:07:03.906000,00:07:03.906000,0.0,,121,131,,,76,,,0.0,,,,260.6,,260.6,,,,,max_heart_rate,99,119,139,158,178,00:02:14.999000,00:04:40.511000,00:00:00.000000,00:00:00.000000,00:00:00.000000
10471235381,"Delhi - Run",,uncategorized,,4,running,generic,3.2,0.0,"2023-02-08 12:59:35.000000","2023-02-08 13:25:34.000000",00:25:28.183000,00:25:20.022000,2.286627374864,1939.0,164,174,,,407,76,80,5.41562206453323,6.03301645173264,272.3097117,226.3779531,260.6,,260.6,39.1115432046354,-84.6356429904699,39.1116594616324,-84.6351868472993,max_heart_rate,99,119,139,158,178,00:00:11.001000,00:00:36.684000,00:01:07.838000,00:22:10.990000,00:00:00.000000
10372654087,"Stair Stepper",,uncategorized,,1,fitness_equipment,stair_climbing,2.5,0.0,"2023-01-24 12:03:13.000000","2023-01-24 12:24:26.000000",00:20:03.072000,00:20:03.072000,0.0,812.0,146,160,,,288,37,77,0.0,,,,260.6,,260.6,,,,,max_heart_rate,99,119,139,158,178,00:00:11.076000,00:04:16.000000,00:15:02.000000,00:00:34.000000,00:00:00.000000
10431115961,"Rowing 1 on 2 soft",,uncategorized,,6,fitness_equipment,indoor_rowing,0.4,0.0,"2023-02-02 12:33:01.000000","2023-02-02 12:42:32.000000",00:07:04.176000,00:07:04.176000,0.0,166.0,114,126,,,64,25,36,0.0,,,,260.6,,260.6,,,,,max_heart_rate,99,119,139,158,178,00:03:25.177000,00:03:19.378000,00:00:00.000000,00:00:00.000000,00:00:00.000000
10275535173,"Indoor Cycling",,uncategorized,,1,cycling,indoor_cycling,0.2,0.0,"2023-01-09 11:14:38.000000","2023-01-09 11:18:50.000000",00:04:01.260000,00:04:01.260000,0.0,,107,121,,,38,,,0.0,,,,260.6,,260.6,,,,,max_heart_rate,99,119,139,158,178,00:03:12.999000,00:00:18.862000,00:00:00.000000,00:00:00.000000,00:00:00.000000
10297587555,"Delhi Running",,uncategorized,,1,running,street,2.6,0.0,"2023-01-12 18:29:51.000000","2023-01-12 18:44:18.000000",00:14:12.296000,00:14:12.296000,0.999171103312,923.0,149,178,,,240,62,79,4.22109815306759,5.90774804853249,124.6719162,91.8635172,260.6,,260.6,39.1084031760693,-84.6428671851754,39.1082980670035,-84.643021998927,max_heart_rate,99,119,139,158,178,00:01:56.000000,00:01:49.999000,00:03:36.999000,00:06:20.002000,00:00:23.833000
10563910895,"Delhi Running",,uncategorized,,3,running,generic,2.7,0.0,"2023-02-22 12:31:00.000000","2023-02-22 13:00:02.000000",00:28:42.544000,00:28:42.544000,2.29680543512,2163.0,157,169,,,393,75,78,4.80046445120239,5.25903669386482,288.7139112,288.7139112,260.6,,260.6,39.1084997355938,-84.6433148626238,39.1084911860526,-84.6431618928909,max_heart_rate,99,119,139,158,178,00:00:15.999000,00:00:55.001000,00:09:56.973000,00:17:26.400000,00:00:00.000000
10443465826,"Rowing 1 on 2 soft",,uncategorized,,6,fitness_equipment,indoor_rowing,0.3,0.0,"2023-02-04 11:00:37.000000","2023-02-04 11:07:34.000000",00:06:42.357000,00:06:42.357000,0.0,153.0,113,136,,,58,24,51,0.0,,,,260.6,,260.6,,,,,max_heart_rate,99,119,139,158,178,00:04:40.887000,00:01:28.073000,00:00:00.000000,00:00:00.000000,00:00:00.000000
10275535206,"Indoor Cycling",,uncategorized,,1,cycling,indoor_cycling,0.4,0.0,"2023-01-09 11:19:07.000000","2023-01-09 11:24:07.000000",00:04:46.379000,00:04:46.379000,0.0,,121,127,,,60,,,0.0,,,,260.6,,260.6,,,,,max_heart_rate,99,119,139,158,178,00:00:44.698000,00:04:01.681000,00:00:00.000000,00:00:00.000000,00:00:00.000000
10316619185,"Indoor Cycling",,uncategorized,,1,cycling,indoor_cycling,0.5,0.0,"2023-01-15 16:43:32.000000","2023-01-15 16:52:01.000000",00:08:23.173000,00:08:23.173000,0.0,,103,121,,,62,,,0.0,,,,260.6,,260.6,,,,,max_heart_rate,99,119,139,158,178,00:04:27.742000,00:00:56.002000,00:00:00.000000,00:00:00.000000,00:00:00.000000
10320965086,"Indoor Cycling",,uncategorized,,1,cycling,indoor_cycling,1.6,0.0,"2023-01-16 12:06:42.000000","2023-01-16 12:37:02.000000",00:30:07.605000,00:30:07.605000,0.0,,126,149,,,316,,,0.0,,,,260.6,,260.6,,,,,max_heart_rate,99,119,139,158,178,00:04:45.219000,00:22:55.386000,00:02:27.000000,00:00:00.000000,00:00:00.000000
10295428972,"Indoor Cycling",,uncategorized,,1,cycling,indoor_cycling,2.4,0.1,"2023-01-12 11:43:41.000000","2023-01-12 12:14:13.000000",00:30:12.482000,00:30:12.482000,0.0,,131,168,,,397,,,0.0,,,,260.6,,260.6,,,,,max_heart_rate,99,119,139,158,178,00:06:18.351000,00:10:43.000000,00:08:33.000000,00:02:40.000000,00:00:00.000000
10366081610,"Walk/Run Repeats",,uncategorized,,7,running,treadmill,3.3,0.2,"2023-01-23 11:57:13.000000","2023-01-23 12:26:32.000000",00:29:00.000000,00:29:00.000000,2.181590787216,2153.0,160,173,,,453,73,81,4.51413659626961,5.09350316106796,,,260.6,,260.6,,,,,max_heart_rate,99,119,139,158,178,00:02:05.866000,00:00:44.999000,00:03:39.424000,00:22:25.774000,00:00:00.000000
10602158859,Base,,uncategorized,,2,running,treadmill,2.5,0.0,"2023-02-28 11:53:07.000000","2023-02-28 12:05:28.000000",00:12:11.062000,00:12:11.062000,1.002470584384,917.0,158,167,,,189,75,78,4.93691779039955,5.17626966080284,,,260.6,,260.6,,,,,max_heart_rate,99,119,139,158,178,00:00:29.276000,00:00:16.999000,00:01:45.003000,00:09:39.780000,00:00:00.000000
10622210799,Run,,uncategorized,,4,running,treadmill,3.1,0.0,"2023-03-03 12:03:27.000000","2023-03-03 12:25:49.000000",00:22:10.874000,00:22:10.874000,1.725088007712,1601.0,155,173,,,323,72,78,4.6662484192009,5.61470933866692,,,260.6,,260.6,,,,,max_heart_rate,99,119,139,158,178,00:00:14.000000,00:01:37.925000,00:03:35.999000,00:15:08.992000,00:00:00.000000
10398623521,"Indoor Rowing",,uncategorized,,1,fitness_equipment,indoor_rowing,1.2,0.0,"2023-01-28 12:15:50.000000","2023-01-28 12:26:18.000000",00:10:12.552000,00:10:12.552000,0.0,284.0,130,151,,,124,27,32,0.0,,,,260.6,,260.6,,,,,max_heart_rate,99,119,139,158,178,00:01:20.646000,00:07:04.000000,00:01:47.906000,00:00:00.000000,00:00:00.000000
10730501759,Run,,uncategorized,,5,running,treadmill,3.3,0.0,"2023-03-19 21:15:31.000000","2023-03-19 21:49:26.000000",00:33:38.422000,00:33:38.422000,2.706052934864,2438.0,152,168,,,471,72,78,4.82730787093353,5.69747583840179,,,260.6,,260.6,,,,,max_heart_rate,99,119,139,158,178,00:00:21.502000,00:01:32.001000,00:11:57.986000,00:18:02.989000,00:00:00.000000
10663015382,Run,,uncategorized,,5,running,treadmill,3.6,0.0,"2023-03-09 12:41:50.000000","2023-03-09 13:20:25.000000",00:38:22.678000,00:38:22.678000,3.238909807424,2849.0,156,169,,,567,74,78,5.06442296746826,5.97038198346901,,,260.6,,260.6,,,,,max_heart_rate,99,119,139,158,178,00:00:11.000000,00:01:50.690000,00:05:19.002000,00:29:23.985000,00:00:00.000000
10477263357,"Delhi - Recovery",,uncategorized,,4,running,generic,2.3,0.0,"2023-02-09 11:34:23.000000","2023-02-09 12:05:35.000000",00:31:02.479000,00:31:02.479000,2.293008857088,2333.0,152,167,,,395,74,79,4.43137009653473,4.86309891946602,291.9947511,282.1522314,260.6,,260.6,39.1084390506148,-84.643074804917,39.1084135696292,-84.6430397685617,max_heart_rate,99,119,139,158,178,00:00:11.998000,00:01:17.000000,00:19:41.998000,00:09:36.530000,00:00:00.000000
10556524161,"Delhi - Run",,uncategorized,,3,running,generic,2.5,0.4,"2023-02-21 11:29:14.000000","2023-02-21 11:44:19.000000",00:14:10.391000,00:14:10.391000,1.25420669864,1040.0,160,180,,,210,73,81,5.31048622613144,6.65712169386482,187.0078743,196.850394,260.6,,260.6,39.1079128347337,-84.6436363924295,39.104366870597,-84.642752436921,max_heart_rate,99,119,139,158,178,00:00:03.601000,00:02:46.598000,00:01:27.998000,00:08:56.001000,00:00:54.990000
10443662087,"Treadmill Running",,uncategorized,,2,running,treadmill,2.7,0.0,"2023-02-04 11:10:27.000000","2023-02-04 11:33:38.000000",00:22:17.504000,00:22:17.504000,1.784105844288,1691.0,150,161,,,337,75,78,4.80270175839806,4.96823475786781,,,260.6,,260.6,,,,,max_heart_rate,99,119,139,158,178,00:01:01.903000,00:00:48.000000,00:17:51.596000,00:02:36.002000,00:00:00.000000
10385638125,"Indoor Cycling",,uncategorized,,1,cycling,indoor_cycling,0.3,0.0,"2023-01-26 12:08:58.000000","2023-01-26 12:15:30.000000",00:05:08.832000,00:05:08.832000,0.0,,114,128,,,48,,,0.0,,,,260.6,,260.6,,,,,max_heart_rate,99,119,139,158,178,00:02:26.000000,00:02:16.618000,00:00:00.000000,00:00:00.000000,00:00:00.000000
10602051136,"Treadmill Running",,uncategorized,,1,running,treadmill,2.3,0.0,"2023-02-28 11:36:34.000000","2023-02-28 11:50:54.000000",00:13:52.303000,00:13:52.303000,1.109998870544,1010.0,146,158,,,196,73,78,4.80046445120239,4.57006020960045,,,260.6,,260.6,,,,,max_heart_rate,99,119,139,158,178,00:00:09.001000,00:01:32.999000,00:11:26.687000,00:00:10.999000,00:00:00.000000
10327182441,"Walk/Run Repeats",,uncategorized,,7,running,treadmill,3.1,0.1,"2023-01-17 11:13:35.000000","2023-01-17 11:33:51.000000",00:20:00.000000,00:20:00.000000,1.362598690768,1440.0,161,176,,,325,72,78,4.08688212106609,4.78033241973114,,,260.6,,260.6,,,,,max_heart_rate,99,119,139,158,178,00:00:22.886000,00:00:23.999000,00:02:25.882000,00:15:37.520000,00:00:00.000000
10529922446,"Indoor Rowing",,uncategorized,,1,fitness_equipment,indoor_rowing,0.8,0.0,"2023-02-17 11:37:51.000000","2023-02-17 11:48:14.000000",00:10:13.331000,00:10:13.331000,0.0,251.0,124,136,,,111,24,26,0.0,,,,260.6,,260.6,,,,,max_heart_rate,99,119,139,158,178,00:01:12.998000,00:08:39.085000,00:00:00.000000,00:00:00.000000,00:00:00.000000
10609164476,"Delhi Running",,uncategorized,,4,running,generic,3.3,0.0,"2023-03-01 11:50:10.000000","2023-03-01 12:25:18.000000",00:35:01.726000,00:35:01.726000,3.089028860272,2684.0,164,179,,,529,76,80,5.29035366133308,5.99051454826736,242.7821526,255.9055122,260.6,,260.6,39.1116685979068,-84.6356313396245,39.1115847788751,-84.635555902496,max_heart_rate,99,119,139,158,178,00:00:18.000000,00:00:35.999000,00:02:37.001000,00:30:44.684000,00:00:24.001000
10450423365,"Rowing 1 on 2 soft",,uncategorized,,6,fitness_equipment,indoor_rowing,0.3,0.0,"2023-02-05 10:52:11.000000","2023-02-05 10:59:26.000000",00:06:23.192000,00:06:23.192000,0.0,150.0,112,119,,,53,24,31,0.0,,,,260.6,,260.6,,,,,max_heart_rate,99,119,139,158,178,00:06:16.183000,00:00:00.206000,00:00:00.000000,00:00:00.000000,00:00:00.000000
10675988888,"Indoor Cycling",,uncategorized,,1,cycling,indoor_cycling,,,"2023-03-11 17:05:51.000000","2023-03-11 17:05:51.000000",00:00:00.000000,00:30:00.000000,0.0,,,,,,449,,,0.0,,,,,,,,,,,,,,,,,00:00:00.000000,00:00:00.000000,00:00:00.000000,00:00:00.000000,00:00:00.000000
10707989853,Run,,uncategorized,,5,running,treadmill,3.0,0.0,"2023-03-16 13:13:22.000000","2023-03-16 13:48:51.000000",00:35:14.328000,00:35:14.328000,2.718430649168,2554.0,145,159,,,476,72,77,4.62822059679985,5.71984517706871,,,260.6,,260.6,,,,,max_heart_rate,99,119,139,158,178,00:00:11.001000,00:01:13.000000,00:31:18.690000,00:00:08.001000,00:00:00.000000
10275535278,"Treadmill Running",,uncategorized,,2,running,treadmill,2.8,0.0,"2023-01-09 11:39:38.000000","2023-01-09 11:52:27.000000",00:12:42.370000,00:12:42.370000,1.08143443648,918.0,164,173,,,249,72,78,5.10692487093353,6.13591551626587,,,260.6,,260.6,,,,,max_heart_rate,99,119,139,158,178,00:00:00.000000,00:00:27.063000,00:02:11.307000,00:10:03.997000,00:00:00.000000
10463274437,"Delhi - Run",,uncategorized,,3,running,generic,2.5,0.6,"2023-02-07 10:49:48.000000","2023-02-07 11:04:25.000000",00:14:24.198000,00:14:24.198000,1.261675580464,1054.0,158,178,,,217,72,87,5.25679938666916,7.99480899946976,154.1994753,200.1312339,260.6,,260.6,39.1081951372325,-84.6422061882913,39.1051230020821,-84.6440193615854,max_heart_rate,99,119,139,158,178,00:00:19.000000,00:01:33.001000,00:02:23.551000,00:09:44.995000,00:00:05.000000
10341725985,"Indoor Cycling",,uncategorized,,1,cycling,indoor_cycling,2.0,0.0,"2023-01-19 14:44:20.000000","2023-01-19 15:07:05.000000",00:22:26.603000,00:22:26.603000,0.0,,126,163,,,237,,,0.0,,,,260.6,,260.6,,,,,max_heart_rate,99,119,139,158,178,00:06:48.467000,00:08:58.001000,00:04:38.000000,00:01:06.000000,00:00:00.000000
10379731013,"Walk/Run Repeats",,uncategorized,,7,running,treadmill,3.3,0.0,"2023-01-25 12:51:53.000000","2023-01-25 13:19:14.000000",00:26:00.000000,00:26:00.000000,1.954467186192,1908.0,161,174,,,417,73,79,4.50966304853249,4.98836732266617,,,260.6,,260.6,,,,,max_heart_rate,99,119,139,158,178,00:00:29.917000,00:01:03.999000,00:02:59.916000,00:20:29.653000,00:00:00.000000
10530102592,Run,,uncategorized,,5,running,treadmill,3.1,0.0,"2023-02-17 11:51:42.000000","2023-02-17 12:18:00.000000",00:24:33.700000,00:19:33.399000,2.116073407888,1830.0,154,170,,,372,74,79,6.49158816106796,4.65506401653099,,,260.6,,260.6,,,,,max_heart_rate,99,119,139,158,178,00:01:02.900000,00:00:57.999000,00:06:45.002000,00:14:39.081000,00:00:00.000000
10748697147,"Stair Stepper",,uncategorized,,1,fitness_equipment,stair_climbing,2.2,0.0,"2023-03-22 13:42:30.000000","2023-03-22 13:57:27.000000",00:14:47.769000,00:14:47.769000,0.0,141.0,139,161,,,190,8,70,0.0,,,,260.6,,260.6,,,,,max_heart_rate,99,119,139,158,178,00:02:05.999000,00:04:06.001000,00:07:07.442000,00:01:23.000000,00:00:00.000000
10327308458,"Indoor Cycling",,uncategorized,,1,cycling,indoor_cycling,0.9,0.0,"2023-01-17 11:40:14.000000","2023-01-17 11:53:13.000000",00:05:10.227000,00:05:10.227000,0.0,,137,146,,,70,,,0.0,,,,260.6,,260.6,,,,,max_heart_rate,99,119,139,158,178,00:00:00.000000,00:03:15.226000,00:01:55.001000,00:00:00.000000,00:00:00.000000
10431355362,"Treadmill Running",,uncategorized,,3,running,treadmill,2.9,0.0,"2023-02-02 12:45:05.000000","2023-02-02 13:16:05.000000",00:30:41.880000,00:30:34.124000,2.4343770188,2301.0,149,164,,,446,75,78,4.77809511253548,4.9458654192009,,,260.6,,260.6,,,,,max_heart_rate,99,119,139,158,178,00:00:21.507000,00:01:04.998000,00:26:40.618000,00:02:26.995000,00:00:00.000000
10748866518,"Treadmill Running",,uncategorized,,1,running,treadmill,2.0,0.0,"2023-03-22 14:07:14.000000","2023-03-22 14:17:33.000000",00:06:19.020000,00:06:19.020000,0.44844359504,440.0,144,164,,,84,68,75,4.25912624213219,4.6953286128006,,,260.6,,260.6,,,,,max_heart_rate,99,119,139,158,178,00:00:58.824000,00:01:30.001000,00:00:10.999000,00:03:39.196000,00:00:00.000000
10320719462,"Stair Stepper",,uncategorized,,1,fitness_equipment,stair_climbing,2.4,0.0,"2023-01-16 11:38:21.000000","2023-01-16 12:02:05.000000",00:22:09.816000,00:22:09.816000,0.0,1090.0,137,158,,,295,40,106,0.0,,,,260.6,,260.6,,,,,max_heart_rate,99,119,139,158,178,00:04:33.001000,00:05:09.001000,00:12:05.160000,00:00:08.000000,00:00:00.000000
10372501136,"Indoor Cycling",,uncategorized,,1,cycling,indoor_cycling,1.6,0.0,"2023-01-24 11:41:11.000000","2023-01-24 12:02:59.000000",00:20:06.273000,00:20:06.273000,0.0,,126,148,,,220,,,0.0,,,,260.6,,260.6,,,,,max_heart_rate,99,119,139,158,178,00:03:57.999000,00:11:11.283000,00:04:18.998000,00:00:00.000000,00:00:00.000000
10275535247,"Treadmill Running",,uncategorized,,2,running,treadmill,2.6,0.0,"2023-01-09 11:27:01.000000","2023-01-09 11:39:21.000000",00:11:54.340000,00:11:54.340000,0.999997527008,868.0,154,166,,,218,73,76,5.03981685493279,6.53409006453323,,,260.6,,260.6,,,,,max_heart_rate,99,119,139,158,178,00:00:15.000000,00:00:21.001000,00:02:20.000000,00:08:09.335000,00:00:00.000000
10436603371,"Rowing 1 on 2 soft",,uncategorized,,4,fitness_equipment,indoor_rowing,0.2,0.0,"2023-02-03 10:33:43.000000","2023-02-03 10:39:17.000000",00:03:35.821000,00:03:35.821000,0.0,85.0,112,120,,,32,23,30,0.0,,,,260.6,,260.6,,,,,max_heart_rate,99,119,139,158,178,00:03:30.178000,00:00:01.000000,00:00:00.000000,00:00:00.000000,00:00:00.000000
10398552204,"Indoor Cycling",,uncategorized,,1,cycling,indoor_cycling,1.8,0.0,"2023-01-28 11:57:54.000000","2023-01-28 12:15:05.000000",00:15:04.841000,00:15:04.841000,0.0,,134,143,,,193,,,0.0,,,,260.6,,260.6,,,,,max_heart_rate,99,119,139,158,178,00:00:30.001000,00:08:41.659000,00:05:46.001000,00:00:00.000000,00:00:00.000000
10549806306,"Delhi - Recovery",,uncategorized,,4,running,generic,2.6,0.0,"2023-02-20 11:45:44.000000","2023-02-20 12:16:32.000000",00:30:32.395000,00:30:32.395000,2.44161599328,2304.0,152,172,,,413,75,81,4.79599090346527,6.42895422613144,255.9055122,456.0367461,260.6,,260.6,39.1084856539965,-84.6429919078946,39.1084623523057,-84.6430680155754,max_heart_rate,99,119,139,158,178,00:00:18.001000,00:01:24.999000,00:20:53.027000,00:07:45.069000,00:00:00.000000
10497812444,"Delhi - Run",,uncategorized,,4,running,generic,2.7,0.0,"2023-02-12 11:56:56.000000","2023-02-12 12:12:14.000000",00:14:33.726000,00:14:30.545000,1.299243683216,1114.0,158,175,,,230,76,81,5.37312016106796,6.36631975786781,223.0971132,173.8845147,260.6,,260.6,39.1084609273821,-84.6429980266839,39.1085413098335,-84.643082767725,max_heart_rate,99,119,139,158,178,00:00:13.000000,00:01:15.002000,00:03:12.200000,00:09:30.010000,00:00:00.000000
10365879191,"Indoor Cycling",,uncategorized,,1,cycling,indoor_cycling,0.5,0.0,"2023-01-23 11:47:25.000000","2023-01-23 11:56:31.000000",00:08:11.478000,00:08:11.478000,0.0,,114,132,,,74,,,0.0,,,,260.6,,260.6,,,,,max_heart_rate,99,119,139,158,178,00:05:02.000000,00:02:56.410000,00:00:00.000000,00:00:00.000000,00:00:00.000000
10456943706,"Delhi Jack",,uncategorized,,1,generic,generic,0.0,0.0,"2023-01-31 00:16:33.000000","2023-01-31 00:41:46.000000",00:25:05.207000,00:25:05.207000,0.016957220048,3.0,75,105,,,74,,57,0.0402648462666869,2.44273412906647,,9.8425197,260.6,,260.6,39.1085649468005,-84.6430311352015,39.1086081974208,-84.6430687699467,max_heart_rate,99,119,139,158,178,00:00:28.000000,00:00:00.000000,00:00:00.000000,00:00:00.000000,00:00:00.000000
10663194433,"Delhi Jack",,uncategorized,,1,generic,generic,0.1,0.0,"2023-03-09 15:27:21.000000","2023-03-09 15:35:02.000000",00:07:30.484000,00:07:30.484000,0.079616291856,,98,112,,,45,,,0.635289844799757,5.25903669386482,121.3910763,32.808399,260.6,,260.6,39.1088347602636,-84.6432715281844,39.1085703112185,-84.6430094260722,max_heart_rate,99,119,139,158,178,00:03:41.710000,00:00:00.000000,00:00:00.000000,00:00:00.000000,00:00:00.000000
10353184404,"Indoor Cycling",,uncategorized,,1,cycling,indoor_cycling,0.1,0.0,"2023-01-21 11:14:23.000000","2023-01-21 11:20:45.000000",00:05:01.559000,00:05:01.559000,0.0,,105,118,,,38,,,0.0,,,,260.6,,260.6,,,,,max_heart_rate,99,119,139,158,178,00:03:36.145000,00:00:00.000000,00:00:00.000000,00:00:00.000000,00:00:00.000000
10411070041,"Indoor Rowing",,uncategorized,,1,fitness_equipment,indoor_rowing,1.9,0.0,"2023-01-30 11:45:17.000000","2023-01-30 12:05:42.000000",00:20:05.265000,00:20:05.265000,0.0,539.0,130,153,,,235,27,34,0.0,,,,260.6,,260.6,,,,,max_heart_rate,99,119,139,158,178,00:02:23.999000,00:13:01.002000,00:04:16.538000,00:00:00.000000,00:00:00.000000
10517367125,"Delhi - Run",,uncategorized,,5,running,generic,3.0,0.0,"2023-02-15 11:54:08.000000","2023-02-15 12:27:44.000000",00:33:21.345000,00:33:21.345000,2.765716997488,2555.0,158,173,,,486,76,82,4.9749456128006,5.92788061333084,288.7139112,354.3307092,260.6,,260.6,39.1086592432112,-84.6431570313871,39.1080382280052,-84.6422691363841,max_heart_rate,99,119,139,158,178,00:00:17.000000,00:01:06.549000,00:05:11.003000,00:25:27.986000,00:00:00.000000
10353429194,"Walk/Run Repeats",,uncategorized,,7,running,treadmill,3.4,0.2,"2023-01-21 11:21:30.000000","2023-01-21 11:53:49.000000",00:32:00.000000,00:32:00.000000,2.37615453736,2317.0,157,173,,,493,72,79,4.45597647573376,5.03086922613144,,,260.6,,260.6,,,,,max_heart_rate,99,119,139,158,178,00:00:17.999000,00:01:43.546000,00:06:15.555000,00:21:40.192000,00:00:00.000000
10301444549,"Indoor Cycling",,uncategorized,,1,cycling,indoor_cycling,0.3,0.0,"2023-01-13 11:23:01.000000","2023-01-13 11:30:02.000000",00:05:07.286000,00:05:07.286000,0.0,,105,118,,,39,,,0.0,,,,260.6,,260.6,,,,,max_heart_rate,99,119,139,158,178,00:04:19.896000,00:00:00.000000,00:00:00.000000,00:00:00.000000,00:00:00.000000
10636694170,"Delhi - Run",,uncategorized,,4,running,generic,3.0,0.0,"2023-03-05 12:44:42.000000","2023-03-05 13:12:40.000000",00:27:31.931000,00:27:31.931000,2.276784855056,2050.0,157,172,,,387,74,79,4.96152390293503,5.40667443573189,190.2887142,223.0971132,260.6,,260.6,39.1085703950375,-84.6431017108262,39.1082776151597,-84.6425110381097,max_heart_rate,99,119,139,158,178,00:00:23.999000,00:00:24.861000,00:05:11.994000,00:20:14.997000,00:00:00.000000
10301643944,"Walk/Run Repeats",,uncategorized,,7,running,treadmill,4.0,0.0,"2023-01-13 11:31:33.000000","2023-01-13 12:02:42.000000",00:30:48.388000,00:26:00.000000,1.818436603088,1876.0,151,175,,,385,72,79,4.19649204053211,4.96823475786781,,,260.6,,260.6,,,,,max_heart_rate,99,119,139,158,178,00:01:45.997000,00:01:31.000000,00:03:57.164000,00:15:50.612000,00:00:00.000000
10761142609,Elliptical,,uncategorized,,1,fitness_equipment,elliptical,0.4,0.0,"2023-03-24 12:20:52.000000","2023-03-24 12:26:00.000000",00:04:02.531000,00:04:02.531000,0.0,190.0,122,128,,,42,42,55,0.0,,,,260.6,,260.6,,,,,max_heart_rate,99,119,139,158,178,00:00:25.668000,00:03:36.863000,00:00:00.000000,00:00:00.000000,00:00:00.000000
10802381604,Elliptical,,uncategorized,,1,fitness_equipment,elliptical,2.3,0.0,"2023-03-30 14:05:27.000000","2023-03-30 14:25:41.000000",00:20:06.899000,00:20:06.899000,0.0,1048.0,137,163,,,248,50,62,0.0,,,,260.6,,260.6,,,,,max_heart_rate,99,119,139,158,178,00:00:09.962000,00:11:32.001000,00:06:04.000000,00:02:20.936000,00:00:00.000000
10797643259,"Treadmill Running",,uncategorized,,3,running,treadmill,3.1,0.0,"2023-03-29 14:42:27.000000","2023-03-29 15:14:45.000000",00:32:18.574000,00:32:18.574000,2.546981907664,2341.0,148,160,,,452,72,75,4.72888288746452,5.46930837066841,,,260.6,,260.6,,,,,max_heart_rate,99,119,139,158,178,00:00:32.000000,00:04:35.002000,00:26:15.988000,00:00:23.000000,00:00:00.000000
10791090577,"Indoor Cycling",,uncategorized,,1,cycling,indoor_cycling,2.2,0.0,"2023-03-28 22:46:44.000000","2023-03-28 23:15:03.000000",00:25:10.011000,00:25:10.011000,0.0,,136,148,,,303,,,0.0,,,,260.6,,260.6,,,,,max_heart_rate,99,119,139,158,178,00:00:46.837000,00:11:45.002000,00:12:38.172000,00:00:00.000000,00:00:00.000000
10807583892,Elliptical,,uncategorized,,1,fitness_equipment,elliptical,3.0,0.0,"2023-03-31 11:38:33.000000","2023-03-31 12:09:35.000000",00:30:09.461000,00:30:09.461000,0.0,1562.0,143,167,,,398,48,60,0.0,,,,260.6,,260.6,,,,,max_heart_rate,99,119,139,158,178,00:02:12.842000,00:10:54.999000,00:10:00.001000,00:07:01.619000,00:00:00.000000
10768490338,"Treadmill Running",,uncategorized,,3,running,treadmill,3.2,0.0,"2023-03-25 13:28:32.000000","2023-03-25 13:58:41.000000",00:30:04.012000,00:30:04.012000,2.31404848592,2189.0,150,164,,,431,72,76,4.61703566080284,5.53194283893204,,,260.6,,260.6,,,,,max_heart_rate,99,119,139,158,178,00:00:14.002000,00:02:22.998000,00:16:50.002000,00:09:19.786000,00:00:00.000000
10780989106,"Indoor Cycling",,uncategorized,,1,cycling,indoor_cycling,2.4,0.0,"2023-03-27 11:44:21.000000","2023-03-27 12:15:01.000000",00:30:03.346000,00:30:03.346000,0.0,,128,170,,,319,,,0.0,,,,260.6,,260.6,,,,,max_heart_rate,99,119,139,158,178,00:09:28.001000,00:07:51.000000,00:09:25.999000,00:01:47.544000,00:00:00.000000
10791030199,"Treadmill Running",,uncategorized,,3,running,treadmill,3.3,0.0,"2023-03-28 22:18:59.000000","2023-03-28 22:44:26.000000",00:25:09.544000,00:25:09.544000,2.218754998688,1868.0,160,170,,,386,74,77,5.29035366133308,5.82274424160194,,,260.6,,260.6,,,,,max_heart_rate,99,119,139,158,178,00:00:07.002000,00:00:13.999000,00:02:40.002000,00:21:13.036000,00:00:00.000000
10802206964,"Treadmill Running",,uncategorized,,2,running,treadmill,3.1,0.0,"2023-03-30 13:47:46.000000","2023-03-30 14:03:22.000000",00:15:19.865000,00:15:19.865000,1.403665113376,1160.0,170,176,,,253,75,79,5.49391501653099,5.90774804853249,,,260.6,,260.6,,,,,max_heart_rate,99,119,139,158,178,00:00:00.000000,00:00:00.000000,00:00:03.641000,00:15:16.220000,00:00:00.000000
10761106975,"Indoor Cycling",,uncategorized,,1,cycling,indoor_cycling,0.5,0.0,"2023-03-24 11:58:07.000000","2023-03-24 12:19:47.000000",00:20:13.167000,00:20:13.167000,0.0,,109,122,,,149,,,0.0,,,,260.6,,260.6,,,,,max_heart_rate,99,119,139,158,178,00:16:55.999000,00:01:56.590000,00:00:00.000000,00:00:00.000000,00:00:00.000000
10834357014,"Easy Run",,uncategorized,,5,running,treadmill,2.7,0.0,"2023-04-04 11:12:48.000000","2023-04-04 11:49:05.000000",00:36:00.474000,00:36:00.474000,2.60755317224,2481.0,133,154,,,426,68,74,4.34412978239918,4.88323148426437,,,260.6,,260.6,,,,,max_heart_rate,99,119,139,158,178,00:00:11.999000,00:04:03.004000,00:26:17.887000,00:00:00.000000,00:00:00.000000
10837894905,"Indoor Cycling",,uncategorized,,1,cycling,indoor_cycling,0.7,0.0,"2023-04-04 22:57:33.000000","2023-04-04 23:20:36.000000",00:20:04.310000,00:20:04.310000,0.0,,114,122,,,163,,,0.0,,,,260.6,,260.6,,,,,max_heart_rate,99,119,139,158,178,00:17:50.309000,00:02:01.002000,00:00:00.000000,00:00:00.000000,00:00:00.000000
10841977785,"Delhi - Long Easy Run",,uncategorized,,5,running,generic,2.6,0.0,"2023-04-05 12:10:55.000000","2023-04-05 12:42:34.000000",00:31:38.866000,00:31:38.866000,2.373035253936,2310.0,156,173,,,406,73,78,4.49847811253548,4.86309891946602,262.467192,314.9606304,260.6,,260.6,39.1084636934102,-84.6430292911828,39.10714966245,-84.6394724305719,max_heart_rate,99,119,139,158,178,00:00:29.130000,00:00:33.212000,00:15:57.044000,00:14:37.939000,00:00:00.000000
10814154241,"Indoor Cycling",,uncategorized,,1,cycling,indoor_cycling,2.1,0.0,"2023-04-01 11:46:54.000000","2023-04-01 12:17:16.000000",00:30:08.011000,00:30:08.011000,6.213712e-06,,132,144,,,340,,,0.0,,,,260.6,,260.6,,,,,max_heart_rate,99,119,139,158,178,00:03:49.138000,00:17:40.869000,00:08:38.004000,00:00:00.000000,00:00:00.000000
10813937813,"Benchmark Run",,uncategorized,,3,running,treadmill,2.0,0.0,"2023-04-01 11:35:53.000000","2023-04-01 11:46:43.000000",00:09:00.000000,00:09:00.000000,0.679090370768,620.0,140,164,,,115,69,76,4.52755830613518,5.73997774186707,,,260.6,,260.6,,,,,max_heart_rate,99,119,139,158,178,00:00:45.566000,00:00:16.999000,00:02:57.998000,00:03:15.559000,00:00:00.000000
10827366102,"Delhi - Goal Pace Repeats",,uncategorized,,15,running,generic,3.0,0.0,"2023-04-03 11:24:22.000000","2023-04-03 11:58:35.000000",00:33:59.460000,00:33:59.460000,2.582779102496,2365.0,148,167,,,443,69,79,4.55887580693054,5.71984517706871,285.4330713,357.6115491,260.6,,260.6,39.1086331754923,-84.6418505441397,39.1084098815918,-84.6430077496916,max_heart_rate,99,119,139,158,178,00:05:31.636000,00:00:52.001000,00:12:03.929000,00:15:18.954000,00:00:00.000000
10837845492,Elliptical,,uncategorized,,1,fitness_equipment,elliptical,1.3,0.0,"2023-04-04 22:43:43.000000","2023-04-04 22:55:57.000000",00:12:09.123000,00:12:09.123000,0.0,626.0,127,145,,,133,50,56,0.0,,,,260.6,,260.6,,,,,max_heart_rate,99,119,139,158,178,00:03:07.000000,00:06:50.002000,00:02:09.616000,00:00:00.000000,00:00:00.000000
10854889393,"Easy Run",,uncategorized,,5,running,treadmill,3.2,0.0,"2023-04-07 11:16:48.000000","2023-04-07 11:58:14.000000",00:40:00.000000,00:40:00.000000,2.7981898564,2662.0,141,162,,,482,66,73,4.19649204053211,4.9458654192009,,,260.6,,260.6,,,,,max_heart_rate,99,119,139,158,178,00:03:48.000000,00:02:13.999000,00:23:26.989000,00:05:31.311000,00:00:00.000000
10848714934,"Stair Stepper",,uncategorized,,1,fitness_equipment,stair_climbing,2.5,0.0,"2023-04-06 12:54:28.000000","2023-04-06 13:21:09.000000",00:25:05.938000,00:25:05.938000,0.0,7.0,136,162,,,304,,82,0.0,,,,260.6,,260.6,,,,,max_heart_rate,99,119,139,158,178,00:05:56.968000,00:08:57.997000,00:05:49.999000,00:04:21.001000,00:00:00.000000
10848827142,"Indoor Cycling",,uncategorized,,1,cycling,indoor_cycling,1.2,0.0,"2023-04-06 13:21:56.000000","2023-04-06 13:37:19.000000",00:15:09.784000,00:15:09.784000,0.0,,125,138,,,157,,,0.0,,,,260.6,,260.6,,,,,max_heart_rate,99,119,139,158,178,00:02:24.369000,00:12:42.414000,00:00:00.000000,00:00:00.000000,00:00:00.000000
10869533028,"Delhi - Steady State Run",,uncategorized,,4,running,generic,3.0,0.0,"2023-04-09 13:12:29.000000","2023-04-09 13:37:44.000000",00:25:01.137000,00:25:01.137000,2.052631408368,1841.0,159,170,,,350,73,78,4.92349608053398,5.67734380693054,193.5695541,216.5354334,260.6,,260.6,39.1082829795778,-84.63812218979,39.1081638727337,-84.6421995665878,max_heart_rate,99,119,139,158,178,00:00:21.963000,00:01:29.999000,00:04:26.408000,00:18:40.410000,00:00:00.000000
10875690820,"Stair Stepper",,uncategorized,,1,fitness_equipment,stair_climbing,2.9,0.0,"2023-04-10 11:07:33.000000","2023-04-10 11:38:59.000000",00:30:03.295000,00:30:03.295000,0.0,29.0,142,166,,,380,,74,0.0,,,,260.6,,260.6,,,,,max_heart_rate,99,119,139,158,178,00:03:44.900000,00:07:33.000000,00:14:50.000000,00:03:55.395000,00:00:00.000000
10861522965,"Indoor Cycling",,uncategorized,,1,cycling,indoor_cycling,1.3,0.0,"2023-04-08 10:39:11.000000","2023-04-08 11:09:28.000000",00:30:06.541000,00:30:06.541000,0.0,,120,140,,,268,,,0.0,,,,260.6,,260.6,,,,,max_heart_rate,99,119,139,158,178,00:09:04.002000,00:18:46.996000,00:00:40.483000,00:00:00.000000,00:00:00.000000
10886354319,"Indoor Cycling",,uncategorized,,1,cycling,indoor_cycling,2.1,0.0,"2023-04-11 22:34:01.000000","2023-04-11 22:54:16.000000",00:20:06.569000,00:20:06.569000,0.0,,135,143,,,236,,,0.0,,,,260.6,,260.6,,,,,max_heart_rate,99,119,139,158,178,00:00:57.554000,00:11:27.997000,00:07:41.018000,00:00:00.000000,00:00:00.000000
10889650391,"Delhi - Long Easy Run",,uncategorized,,6,running,generic,3.0,0.0,"2023-04-12 10:05:36.000000","2023-04-12 11:04:21.000000",00:58:33.776000,00:58:33.776000,4.134622605936,4106.0,146,175,,,671,70,78,4.23675690346527,4.86309891946602,518.3727042,511.8110244,260.6,,260.6,39.1084907669574,-84.6429726295173,39.1083740908653,-84.6429361682385,max_heart_rate,99,119,139,158,178,00:00:54.999000,00:06:32.002000,00:27:43.009000,00:17:52.162000,00:00:00.000000
10886310575,Elliptical,,uncategorized,,1,fitness_equipment,elliptical,0.3,0.0,"2023-04-11 22:29:59.000000","2023-04-11 22:33:49.000000",00:02:31.268000,00:02:31.268000,0.0,119.0,119,133,,,24,37,51,0.0,,,,260.6,,260.6,,,,,max_heart_rate,99,119,139,158,178,00:00:44.000000,00:01:37.825000,00:00:00.000000,00:00:00.000000,00:00:00.000000
10882474731,"Delhi - Easy Run",,uncategorized,,5,running,generic,2.8,0.0,"2023-04-11 11:12:49.000000","2023-04-11 11:52:48.000000",00:39:46.610000,00:39:46.610000,2.877980132192,2749.0,145,172,,,471,68,76,4.34189274186707,5.07113382240105,423.2283471,308.3989506,260.6,,260.6,39.1086553875357,-84.6429901476949,39.108500238508,-84.6431551873684,max_heart_rate,99,119,139,158,178,00:00:13.001000,00:02:49.998000,00:13:51.997000,00:17:17.725000,00:00:00.000000
10896320164,"Delhi - Easy Off Day",,uncategorized,,6,running,generic,2.9,0.0,"2023-04-13 10:06:49.000000","2023-04-13 10:42:04.000000",00:35:06.686000,00:35:06.686000,2.56415039392,2362.0,146,173,,,422,66,78,4.38215760480022,5.36417253226662,321.5223102,311.6797905,260.6,,260.6,39.1084286570549,-84.6432946622372,39.108415581286,-84.6429701987654,max_heart_rate,99,119,139,158,178,00:01:34.180000,00:05:12.185000,00:06:32.678000,00:18:03.991000,00:00:00.000000
10909614460,"Delhi - Easy Off Day",,uncategorized,,5,running,generic,2.7,0.0,"2023-04-15 10:00:39.000000","2023-04-15 10:34:30.000000",00:33:39.820000,00:33:39.820000,2.502516584592,2378.0,145,169,,,401,70,78,4.46045029013443,5.03086922613144,249.3438324,285.4330713,260.6,,260.6,39.1081812232733,-84.6430304646492,39.1084724105895,-84.6431368310004,max_heart_rate,99,119,139,158,178,00:01:02.001000,00:00:38.999000,00:14:54.998000,00:12:36.818000,00:00:00.000000
10903263292,"Delhi - Easy Run",,uncategorized,,5,running,generic,2.6,0.0,"2023-04-14 10:58:38.000000","2023-04-14 11:32:49.000000",00:33:56.628000,00:33:56.628000,2.524587689616,2388.0,144,168,,,405,70,79,4.46268733066654,5.05100125760269,239.5013127,816.9291351,260.6,,260.6,39.1076964139938,-84.6419190242887,39.108526725322,-84.6431292034686,max_heart_rate,99,119,139,158,178,00:02:08.605000,00:02:22.999000,00:15:05.991000,00:10:59.049000,00:00:00.000000
10924009615,"Indoor Cycling",,uncategorized,,1,cycling,indoor_cycling,0.9,0.0,"2023-04-17 11:41:21.000000","2023-04-17 12:12:44.000000",00:30:07.365000,00:30:07.365000,0.0,,116,126,,,235,,,0.0,,,,260.6,,260.6,,,,,max_heart_rate,99,119,139,158,178,00:22:01.944000,00:07:51.420000,00:00:00.000000,00:00:00.000000,00:00:00.000000
10917129107,"Delhi - Steady State Run",,uncategorized,,4,running,generic,2.9,0.0,"2023-04-16 10:09:26.000000","2023-04-16 10:45:02.000000",00:35:00.000000,00:35:00.000000,2.595834111408,2381.0,140,175,,,413,68,79,4.44926562080097,5.25903669386482,219.8162733,236.2204728,260.6,,260.6,39.1086064372212,-84.6430493239313,39.1078662313521,-84.6413317043334,max_heart_rate,99,119,139,158,178,00:03:20.615000,00:00:58.001000,00:06:05.999000,00:17:33.227000,00:00:00.000000
10923765052,Elliptical,,uncategorized,,1,fitness_equipment,elliptical,0.9,0.0,"2023-04-17 11:18:44.000000","2023-04-17 11:39:01.000000",00:20:08.310000,00:20:08.310000,0.0,980.0,119,134,,,177,45,52,0.0,,,,260.6,,260.6,,,,,max_heart_rate,99,119,139,158,178,00:07:13.999000,00:12:31.167000,00:00:00.000000,00:00:00.000000,00:00:00.000000
10930546685,"Delhi - Easy Run",,uncategorized,,5,running,generic,2.7,0.0,"2023-04-18 10:14:01.000000","2023-04-18 10:48:01.000000",00:33:38.410000,00:33:38.410000,2.514049234064,2399.0,141,167,,,407,71,79,4.48505693599701,5.07113382240105,475.7217855,242.7821526,260.6,,260.6,39.1083505377173,-84.642456304282,39.1084356140345,-84.6430892217904,max_heart_rate,99,119,139,158,178,00:00:07.999000,00:00:56.000000,00:19:02.996000,00:08:08.120000,00:00:00.000000
10934612083,"Stair Stepper",,uncategorized,,1,fitness_equipment,stair_climbing,2.6,0.0,"2023-04-18 22:27:08.000000","2023-04-18 23:07:23.000000",00:40:03.344000,00:40:03.344000,0.0,1192.0,140,154,,,487,28,70,0.0,,,,260.6,,260.6,,,,,max_heart_rate,99,119,139,158,178,00:00:50.680000,00:15:24.990000,00:23:47.674000,00:00:00.000000,00:00:00.000000
10938497449,"Delhi - Long Easy Run",,uncategorized,,7,running,generic,3.1,0.2,"2023-04-19 11:12:34.000000","2023-04-19 12:12:05.000000",00:59:11.870000,00:59:11.870000,4.284515980512,4187.0,147,172,,,700,70,79,4.34189274186707,4.92573285440254,675.8530194,721.784778,260.6,,260.6,39.1084567364305,-84.6430297940969,39.1083828918636,-84.642863413319,max_heart_rate,99,119,139,158,178,00:04:16.951000,00:05:00.002000,00:31:39.974000,00:15:32.952000,00:00:00.000000
10945502191,"Treadmill Running",,uncategorized,,3,running,treadmill,2.9,0.0,"2023-04-20 11:43:28.000000","2023-04-20 12:14:16.000000",00:30:14.493000,00:30:14.493000,2.080002809728,1981.0,136,159,,,337,65,75,4.12714698399925,5.09350316106796,,,260.6,,260.6,,,,,max_heart_rate,99,119,139,158,178,00:02:43.689000,00:02:50.002000,00:16:56.877000,00:02:14.001000,00:00:00.000000
10952060675,"Easy Run",,uncategorized,,6,running,treadmill,2.6,0.0,"2023-04-21 10:58:56.000000","2023-04-21 11:39:50.000000",00:40:28.708000,00:40:07.883000,2.67000097784,2681.0,133,154,,,424,66,97,3.99293068533421,5.34403996746826,,,260.6,,260.6,,,,,max_heart_rate,99,119,139,158,178,00:04:07.784000,00:02:20.031000,00:28:06.531000,00:00:00.000000,00:00:00.000000
10966860504,"Goal Pace Repeats",,uncategorized,,13,running,treadmill,3.3,0.9,"2023-04-23 10:39:16.000000","2023-04-23 11:29:13.000000",00:49:30.838000,00:47:33.133000,3.227482791056,3167.0,139,172,,,527,66,79,4.07122363733196,5.90774804853249,,,260.6,,260.6,,,,,max_heart_rate,99,119,139,158,178,00:04:06.206000,00:01:23.999000,00:13:04.755000,00:18:41.886000,00:00:00.000000
10958926783,"Indoor Cycling",,uncategorized,,1,cycling,indoor_cycling,2.4,0.0,"2023-04-22 10:15:25.000000","2023-04-22 10:45:42.000000",00:30:04.552000,00:30:04.552000,0.0,,130,166,,,315,,,0.0,,,,260.6,,260.6,,,,,max_heart_rate,99,119,139,158,178,00:08:37.000000,00:13:20.000000,00:03:18.000000,00:04:12.494000,00:00:00.000000
10972950738,"treadmill 20 + 10",,uncategorized,,6,running,treadmill,3.0,0.0,"2023-04-24 10:54:00.000000","2023-04-24 11:34:17.000000",00:40:06.352000,00:40:06.352000,2.774472117696,2732.0,139,157,,,463,68,105,4.15175309653473,5.17626966080284,,,260.6,,260.6,,,,,max_heart_rate,99,119,139,158,178,00:04:24.348000,00:01:22.001000,00:29:25.038000,00:00:00.000000,00:00:00.000000
10980132600,"Easy Run",,uncategorized,,6,running,treadmill,2.5,0.0,"2023-04-25 11:16:22.000000","2023-04-25 11:56:54.000000",00:40:04.550000,00:40:04.550000,2.769998245056,2696.0,132,153,,,423,67,105,4.14727928213406,4.88323148426437,,,260.6,,260.6,,,,,max_heart_rate,99,119,139,158,178,00:03:55.614000,00:04:14.934000,00:26:09.637000,00:00:00.000000,00:00:00.000000
10983510607,"Indoor Cycling",,uncategorized,,1,cycling,indoor_cycling,2.3,0.0,"2023-04-25 22:32:45.000000","2023-04-25 23:08:02.000000",00:35:04.338000,00:35:04.338000,0.0,,134,149,,,388,,,0.0,,,,260.6,,260.6,,,,,max_heart_rate,99,119,139,158,178,00:02:25.620000,00:14:30.000000,00:17:35.999000,00:00:00.000000,00:00:00.000000
10988996524,"Delhi - Time Trial",,uncategorized,,7,running,generic,3.2,0.4,"2023-04-26 15:16:14.000000","2023-04-26 15:44:54.000000",00:28:31.581000,00:28:11.098000,2.335429868912,1902.0,153,185,,,372,67,101,4.97270883893204,7.13806274186707,137.7952758,147.6377955,260.6,,260.6,39.1083864122629,-84.6427644230425,39.1085221990943,-84.6430641599,max_heart_rate,99,119,139,158,178,00:03:20.040000,00:03:49.114000,00:04:29.908000,00:11:25.428000,00:03:48.115000
10994173999,"Treadmill Running",,uncategorized,,3,running,treadmill,2.7,0.0,"2023-04-27 11:04:53.000000","2023-04-27 11:40:31.000000",00:35:05.264000,00:35:05.264000,2.419998489232,2330.0,130,158,,,366,66,95,4.13833165333271,4.96823475786781,,,260.6,,260.6,,,,,max_heart_rate,98,118,137,157,176,00:04:12.000000,00:03:07.999000,00:22:01.883000,00:00:20.000000,00:00:00.000000
10995446058,"Delhi Running",,uncategorized,,2,running,generic,2.7,0.5,"2023-04-27 14:09:25.000000","2023-04-27 14:24:08.000000",00:14:23.523000,00:14:23.523000,1.279018050656,1068.0,164,181,,,211,74,82,5.33285556479836,6.80475943573189,101.7060369,101.7060369,260.6,,260.6,39.1084828041494,-84.6431017946452,39.1085543856025,-84.643130460754,max_heart_rate,98,118,137,157,176,00:00:07.522000,00:00:13.001000,00:02:17.932000,00:10:03.063000,00:01:42.002000
11000698848,"Easy Run",,uncategorized,,6,running,treadmill,2.8,0.0,"2023-04-28 10:31:35.000000","2023-04-28 11:14:44.000000",00:43:00.728000,00:40:01.321000,2.65685897696,2650.0,133,165,,,431,66,90,3.98398305653286,5.32167062880135,,,260.6,,260.6,,,,,max_heart_rate,98,118,137,157,176,00:05:33.053000,00:05:31.313000,00:21:01.351000,00:02:48.350000,00:00:00.000000
11007885437,"Treadmill Running",,uncategorized,,3,running,treadmill,2.9,0.0,"2023-04-29 11:06:48.000000","2023-04-29 11:37:18.000000",00:30:04.701000,00:30:04.701000,2.150000275408,1963.0,135,169,,,327,65,79,4.28820643573189,5.63484190346527,,,260.6,,260.6,,,,,max_heart_rate,98,118,137,157,176,00:03:58.064000,00:02:09.999000,00:11:00.000000,00:07:53.998000,00:00:00.000000
11015445288,"Stride Repeats",,uncategorized,,16,running,treadmill,2.7,0.1,"2023-04-30 11:26:10.000000","2023-04-30 11:56:43.000000",00:30:07.698000,00:30:07.698000,2.159998138016,1971.0,130,161,,,323,65,80,4.30162787893391,5.50957350026512,,,260.6,,260.6,,,,,max_heart_rate,98,118,137,157,176,00:01:58.321000,00:01:11.000000,00:14:27.598000,00:03:28.639000,00:00:00.000000
11017984267,"Indoor Cycling",,uncategorized,,1,cycling,indoor_cycling,2.2,0.0,"2023-04-30 21:48:39.000000","2023-04-30 22:08:55.000000",00:20:06.840000,00:20:06.840000,0.0,,137,156,,,237,,,0.0,,,,260.6,,260.6,,,,,max_heart_rate,98,118,137,157,176,00:00:59.112000,00:08:05.745000,00:10:40.983000,00:00:00.000000,00:00:00.000000
11017939284,"Treadmill Running",,uncategorized,,1,running,treadmill,0.7,0.0,"2023-04-30 21:40:39.000000","2023-04-30 21:47:14.000000",00:06:20.484000,00:06:20.484000,0.338728082256,338.0,112,143,,,54,53,85,3.20552921760082,5.05100125760269,,,260.6,,260.6,,,,,max_heart_rate,98,118,137,157,176,00:00:22.001000,00:01:33.000000,00:01:44.144000,00:00:00.000000,00:00:00.000000
11022526285,"Stair Stepper",,uncategorized,,1,fitness_equipment,stair_climbing,2.9,0.0,"2023-05-01 10:52:45.000000","2023-05-01 11:25:06.000000",00:32:01.871000,00:32:01.871000,0.0,115.0,140,161,,,393,3,78,0.0,,,,260.6,,260.6,,,,,max_heart_rate,98,118,137,157,176,00:04:18.997000,00:05:51.284000,00:15:48.020000,00:05:18.982000,00:00:00.000000
11029608011,"Easy Run",,uncategorized,,6,running,treadmill,2.6,0.0,"2023-05-02 11:28:45.000000","2023-05-02 12:09:06.000000",00:40:04.646000,00:40:04.646000,2.976722229584,2701.0,132,156,,,421,67,75,4.45597647573376,5.09350316106796,,,260.6,,260.6,,,,,max_heart_rate,98,118,137,157,176,00:04:18.733000,00:04:40.003000,00:25:54.374000,00:00:00.000000,00:00:00.000000
11037347125,"Time Trial",,uncategorized,,4,running,treadmill,2.8,0.5,"2023-05-03 11:57:35.000000","2023-05-03 12:29:26.000000",00:31:33.970000,00:31:33.970000,2.07084379824,1952.0,131,181,,,299,61,120,3.93700733866692,5.76011030666542,,,260.6,,260.6,,,,,max_heart_rate,98,118,137,157,176,00:10:12.006000,00:04:32.002000,00:03:32.934000,00:05:02.966000,00:04:09.000000
11039075193,"Delhi Running",,uncategorized,,2,running,generic,2.1,0.0,"2023-05-03 15:33:02.000000","2023-05-03 15:52:06.000000",00:18:49.310000,00:18:49.310000,1.314274652544,1196.0,145,170,,,211,63,77,4.18978118559933,5.67734380693054,118.1102364,111.5485566,260.6,,260.6,39.1083974763751,-84.6428659278899,39.1084497794509,-84.6430105995387,max_heart_rate,98,118,137,157,176,00:00:53.910000,00:05:26.251000,00:05:05.952000,00:07:23.123000,00:00:00.000000
11044555696,"Delhi Running",,uncategorized,,3,running,generic,2.7,0.0,"2023-05-04 11:20:03.000000","2023-05-04 11:52:09.000000",00:31:28.995000,00:31:28.995000,2.38805379584,2177.0,137,164,,,369,69,79,4.55216495199776,5.65721124213219,147.6377955,157.4803152,260.6,,260.6,39.1084872465581,-84.643109254539,39.1085325926542,-84.6431480627507,max_heart_rate,98,118,137,157,176,00:03:53.575000,00:03:48.999000,00:15:43.777000,00:04:32.985000,00:00:00.000000
11058602459,"Treadmill Running",,uncategorized,,2,running,treadmill,2.4,0.0,"2023-05-06 10:38:20.000000","2023-05-06 10:59:38.000000",00:20:27.489000,00:20:05.329000,1.500002504224,1421.0,137,159,,,247,70,76,4.48058285493279,5.05100125760269,,,260.6,,260.6,,,,,max_heart_rate,98,118,137,157,176,00:00:15.999000,00:02:31.436000,00:13:43.721000,00:01:22.000000,00:00:00.000000
11066610354,"Treadmill Running",,uncategorized,,6,running,treadmill,3.4,0.0,"2023-05-07 11:11:22.000000","2023-05-07 12:01:50.000000",00:50:00.511000,00:50:00.511000,3.89000119192,3489.0,144,169,,,613,69,78,4.6662484192009,5.40667443573189,,,260.6,,260.6,,,,,max_heart_rate,98,118,137,157,176,00:03:43.805000,00:03:07.001000,00:12:11.907000,00:25:51.708000,00:00:00.000000
11051811386,"Easy Run",,uncategorized,,6,running,treadmill,2.8,0.0,"2023-05-05 11:19:11.000000","2023-05-05 11:59:35.000000",00:40:03.537000,00:40:03.537000,2.780002321376,2619.0,133,157,,,436,65,76,4.16293776586819,5.07113382240105,,,260.6,,260.6,,,,,max_heart_rate,98,118,137,157,176,00:04:07.441000,00:03:19.998000,00:26:57.868000,00:00:11.761000,00:00:00.000000
11058708347,"Indoor Cycling",,uncategorized,,1,cycling,indoor_cycling,0.5,0.0,"2023-05-06 11:02:14.000000","2023-05-06 11:12:28.000000",00:10:02.823000,00:10:02.823000,0.0,,117,127,,,90,,,0.0,,,,260.6,,260.6,,,,,max_heart_rate,98,118,137,157,176,00:05:55.000000,00:03:53.687000,00:00:00.000000,00:00:00.000000,00:00:00.000000
11072831376,"Delhi - Hill Repeats",,uncategorized,,27,running,generic,2.6,0.6,"2023-05-08 10:45:07.000000","2023-05-08 11:16:52.000000",00:31:34.411000,00:31:30.006000,2.245007931888,2030.0,138,174,,,358,64,115,4.27702149973488,6.61685656426811,196.850394,196.850394,260.6,,260.6,39.1084802057594,-84.6429650858045,39.1085517033935,-84.6430954243988,max_heart_rate,98,118,137,157,176,00:03:20.000000,00:01:14.090000,00:13:20.837000,00:08:07.968000,00:00:00.000000
11094703941,"Delhi Running",,uncategorized,,3,running,generic,2.8,0.0,"2023-05-11 11:32:41.000000","2023-05-11 12:02:24.000000",00:27:53.652000,00:27:53.652000,2.148341214304,1918.0,144,172,,,346,68,79,4.62150974186707,5.78247964533234,131.233596,134.5144359,260.6,,260.6,39.108481798321,-84.6431654971093,39.1084539704025,-84.6431129425764,max_heart_rate,98,118,137,157,176,00:02:54.955000,00:01:57.982000,00:06:46.031000,00:13:00.963000,00:00:00.000000
11079534403,"Delhi - Easy Run",,uncategorized,,5,running,generic,2.8,0.1,"2023-05-09 09:32:33.000000","2023-05-09 09:59:59.000000",00:27:11.939000,00:27:11.939000,2.042906949088,1742.0,140,172,,,323,63,81,4.50742627466393,6.51172072586632,141.0761157,147.6377955,260.6,,260.6,39.108413066715,-84.6430315542966,39.1086135618389,-84.6429750602692,max_heart_rate,98,118,137,157,176,00:06:13.115000,00:02:23.947000,00:03:36.001000,00:12:24.997000,00:00:00.000000
11102992584,"Easy Run",,uncategorized,,6,running,treadmill,3.0,0.0,"2023-05-12 15:36:35.000000","2023-05-12 16:16:47.000000",00:40:01.016000,00:40:01.016000,2.84274217144,2665.0,140,164,,,464,66,105,4.26136301600075,5.73997774186707,,,260.6,,260.6,,,,,max_heart_rate,98,118,137,157,176,00:04:14.916000,00:03:04.000000,00:18:27.882000,00:09:18.861000,00:00:00.000000
11111544358,"Treadmill Running",,uncategorized,,5,running,treadmill,2.3,0.0,"2023-05-13 22:54:13.000000","2023-05-13 23:14:41.000000",00:20:04.380000,00:20:04.380000,1.270001954544,1289.0,134,155,,,231,64,73,3.79608045173264,5.00849988746452,,,260.6,,260.6,,,,,max_heart_rate,98,118,137,157,176,00:02:56.050000,00:02:07.000000,00:13:01.626000,00:00:00.000000,00:00:00.000000
11116637252,"Delhi - Goal Pace Repeats",,uncategorized,,11,running,generic,2.7,0.0,"2023-05-14 12:12:54.000000","2023-05-14 12:57:00.000000",00:43:56.885000,00:43:56.885000,3.218839517664,2934.0,139,164,,,507,66,80,4.39557931466579,6.05314901653099,236.2204728,232.9396329,260.6,,260.6,39.108523959294,-84.643035326153,39.1084735840559,-84.6430661715567,max_heart_rate,98,118,137,157,176,00:04:19.675000,00:07:06.036000,00:20:00.114000,00:09:21.823000,00:00:00.000000
11122133392,"Indoor Rowing",,uncategorized,,1,fitness_equipment,indoor_rowing,1.0,0.0,"2023-05-15 11:23:27.000000","2023-05-15 11:33:45.000000",00:10:03.034000,00:10:03.034000,0.0,268.0,127,136,,,109,26,29,0.0,,,,260.6,,260.6,,,,,max_heart_rate,98,118,137,157,176,00:00:25.999000,00:09:13.768000,00:00:00.000000,00:00:00.000000,00:00:00.000000
11122042804,"Treadmill Running",,uncategorized,,4,running,treadmill,2.6,0.0,"2023-05-15 10:49:04.000000","2023-05-15 11:19:39.000000",00:30:00.600000,00:30:00.600000,2.099998534944,1982.0,131,154,,,323,66,82,4.19872881440067,4.73783051626587,,,260.6,,260.6,,,,,max_heart_rate,98,118,137,157,176,00:04:14.941000,00:01:54.001000,00:18:43.152000,00:00:00.000000,00:00:00.000000
11129310232,"Easy Run",,uncategorized,,6,running,treadmill,2.5,0.0,"2023-05-16 10:52:08.000000","2023-05-16 11:32:30.000000",00:40:01.303000,00:40:01.303000,2.720002718304,2709.0,130,150,,,420,67,105,4.0779342256012,5.23890412906647,,,260.6,,260.6,,,,,max_heart_rate,98,118,137,157,176,00:03:38.933000,00:04:44.066000,00:25:34.799000,00:00:00.000000,00:00:00.000000
11136975546,"Delhi - Long Easy Run",,uncategorized,,8,running,generic,3.0,0.0,"2023-05-17 11:27:47.000000","2023-05-17 12:40:12.000000",01:12:13.933000,01:10:41.506000,5.103514290672,4974.0,140,168,,,804,70,97,4.33070807253361,5.11363572586632,423.2283471,439.6325466,260.6,,260.6,39.1084469296038,-84.6430435404181,39.1084423195571,-84.6430010441691,max_heart_rate,98,118,137,157,176,00:04:30.505000,00:08:16.826000,00:38:30.636000,00:13:25.095000,00:00:00.000000
11150268729,"Delhi - Easy Run",,uncategorized,,5,running,generic,2.6,0.0,"2023-05-19 09:12:30.000000","2023-05-19 09:50:16.000000",00:37:33.871000,00:37:33.871000,2.773602198016,2669.0,140,168,,,437,71,80,4.42913332266617,6.53409006453323,180.4461945,187.0078743,260.6,,260.6,39.1085893381387,-84.6431027166545,39.1084848158062,-84.6431472245604,max_heart_rate,98,118,137,157,176,00:01:35.999000,00:02:52.479000,00:22:39.846000,00:06:25.471000,00:00:00.000000
11158369954,"Delhi - Uphill repeats (x8)",,uncategorized,,26,running,generic,2.4,0.4,"2023-05-20 11:24:30.000000","2023-05-20 11:47:14.000000",00:22:33.532000,00:22:33.532000,1.601758251936,1430.0,145,175,,,260,63,89,4.25912624213219,8.34824540373039,170.6036748,167.3228349,86.0,80.6,82.4,39.1058344580233,-84.6397424116731,39.1084406431764,-84.6430307999253,max_heart_rate,98,118,137,157,176,00:04:07.508000,00:04:17.972000,00:04:24.868000,00:09:31.638000,00:00:00.000000
11158179160,"Delhi - Uphill repeats (x8)",,uncategorized,,27,running,generic,2.6,1.3,"2023-05-20 10:50:42.000000","2023-05-20 11:24:09.000000",00:33:18.671000,00:33:18.671000,2.287745843024,2036.0,131,176,,,353,61,88,4.12043612906647,8.34824540373039,265.7480319,259.1863521,86.0,80.6,84.2,39.1083328519017,-84.6426961105317,39.1061789542437,-84.6397067047656,max_heart_rate,98,118,137,157,176,00:09:32.249000,00:05:51.983000,00:07:22.048000,00:07:06.786000,00:00:02.000000
